CustomerID,Tenure,MonthlyCharges,TotalCharges,Contract,PaymentMethod,InternetService,TechSupport,OnlineSecurity,Gender,SeniorCitizen,Dependents,Churn
1,53,25.81,2739.21,Month-to-month,Credit card,No,No,No internet service,Male,0,No,No
2,50,112.91,2252.33,Month-to-month,Bank transfer,Fiber optic,No internet service,No internet service,Female,1,Yes,No
3,72,42.25,4438.33,Two year,Credit card,Fiber optic,Yes,Yes,Female,0,No,No
4,45,119.97,5802.64,Month-to-month,Mailed check,No,No internet service,Yes,Female,0,No,No
5,13,37.15,7947.65,Month-to-month,Bank transfer,No,No,No,Female,0,Yes,No
6,16,97.15,1139.41,Two year,Credit card,DSL,No,Yes,Female,0,No,Yes
7,13,42.34,489.41,One year,Electronic check,Fiber optic,No internet service,Yes,Male,0,Yes,Yes
8,20,28.08,5585.41,Month-to-month,Credit card,No,No,Yes,Male,0,Yes,No
9,66,107.49,6674.58,Month-to-month,Bank transfer,Fiber optic,Yes,No internet service,Male,0,Yes,No
10,47,105.88,6786.16,One year,Bank transfer,Fiber optic,No,Yes,Male,0,No,No
11,19,60.36,5459.86,Two year,Bank transfer,DSL,No,Yes,Male,0,No,No
12,45,90.24,7636.72,Two year,Bank transfer,DSL,Yes,Yes,Male,0,No,No
13,37,75.71,4136.94,Month-to-month,Credit card,Fiber optic,No,No internet service,Female,1,Yes,No
14,54,105.3,7319.14,Two year,Electronic check,Fiber optic,No internet service,No,Male,0,Yes,Yes
15,6,51.51,7745.72,Month-to-month,Electronic check,No,No internet service,No internet service,Female,0,No,No
16,14,72.37,6792.54,Month-to-month,Bank transfer,Fiber optic,No,No internet service,Female,0,Yes,No
17,4,68.54,2547.09,Two year,Electronic check,DSL,Yes,Yes,Female,0,No,Yes
18,55,55.39,1650.1,Month-to-month,Credit card,DSL,Yes,No,Female,0,No,No
19,34,109.15,4430.15,Month-to-month,Electronic check,No,No internet service,Yes,Female,0,No,No
20,27,36.59,3678.82,Month-to-month,Mailed check,Fiber optic,No,Yes,Male,0,Yes,Yes
21,7,34.95,7034.29,Month-to-month,Electronic check,DSL,Yes,No,Male,0,No,No
22,3,77.69,890.25,One year,Bank transfer,No,Yes,No,Male,0,Yes,No
23,47,85.75,2136.15,One year,Electronic check,Fiber optic,No internet service,No internet service,Female,0,No,Yes
24,2,39.46,6039.21,Month-to-month,Electronic check,DSL,No internet service,No,Male,0,No,No
25,25,59.07,850.39,Month-to-month,Electronic check,No,Yes,No internet service,Male,0,No,No
26,60,114.66,2634.04,Two year,Electronic check,No,No internet service,No internet service,Female,0,No,No
27,24,44.66,3158.53,Two year,Mailed check,DSL,Yes,Yes,Female,0,No,No
28,15,86.84,5018.49,Month-to-month,Credit card,No,No,Yes,Male,0,Yes,No
29,14,94.01,1349.25,Two year,Bank transfer,Fiber optic,No internet service,Yes,Female,0,Yes,No
30,54,64.81,6898.78,One year,Bank transfer,Fiber optic,No internet service,No,Female,0,No,No
31,6,113.75,3635.58,Month-to-month,Electronic check,No,No,No,Female,0,No,No
32,18,93.67,7344.47,Month-to-month,Credit card,No,Yes,No internet service,Male,0,No,No
33,20,65.79,3796.17,Month-to-month,Electronic check,DSL,Yes,No internet service,Female,1,No,Yes
34,62,76.93,2272.82,One year,Mailed check,DSL,No internet service,No internet service,Female,0,Yes,Yes
35,40,89.26,1220.45,Month-to-month,Credit card,DSL,Yes,No,Female,0,No,No
36,39,79.22,129.59,Month-to-month,Credit card,Fiber optic,Yes,No internet service,Female,1,No,No
37,52,107.87,4304.04,Month-to-month,Credit card,DSL,No,No internet service,Female,0,Yes,No
38,32,55.69,946.54,Two year,Credit card,Fiber optic,No,No,Male,0,No,No
39,27,49.99,3194.65,Month-to-month,Electronic check,DSL,No,Yes,Male,0,No,No
40,52,41.38,4755.25,Two year,Mailed check,Fiber optic,No internet service,No,Female,0,No,Yes
41,63,23.78,2277.92,Two year,Credit card,DSL,No,No internet service,Female,0,No,No
42,63,24.3,1484.27,Month-to-month,Bank transfer,No,No,Yes,Male,0,No,Yes
43,17,107.01,6220.3,Month-to-month,Bank transfer,DSL,Yes,No,Male,0,No,Yes
44,49,87.84,7579.65,Month-to-month,Mailed check,DSL,No,Yes,Female,0,No,No
45,23,86.05,893.48,Two year,Bank transfer,No,No internet service,Yes,Female,0,No,No
46,72,81.46,1329.16,Month-to-month,Electronic check,Fiber optic,No,No internet service,Male,0,Yes,Yes
47,13,104.92,7684.1,Month-to-month,Electronic check,DSL,No internet service,No,Female,0,Yes,No
48,23,68.03,398.5,Month-to-month,Mailed check,DSL,Yes,No internet service,Female,0,Yes,Yes
49,57,107.04,7823.3,Month-to-month,Credit card,Fiber optic,Yes,No,Male,1,No,No
50,62,55.94,136.69,Two year,Bank transfer,Fiber optic,No,No,Male,1,No,No
51,54,112.67,7001.98,One year,Bank transfer,Fiber optic,Yes,No,Male,0,Yes,No
52,20,89.87,2527.87,Two year,Mailed check,Fiber optic,No,Yes,Male,0,Yes,No
53,52,45.72,7514.85,Month-to-month,Mailed check,Fiber optic,Yes,Yes,Female,0,No,No
54,23,76.41,2603.87,Month-to-month,Bank transfer,Fiber optic,No internet service,No internet service,Female,0,No,Yes
55,35,73.3,5269.02,Two year,Credit card,Fiber optic,Yes,No,Female,0,No,No
56,67,33.79,732.26,Month-to-month,Mailed check,No,No,No,Female,0,No,No
57,34,79.12,2014.41,Two year,Electronic check,DSL,No,Yes,Male,0,No,No
58,33,51.48,6212.07,Month-to-month,Bank transfer,Fiber optic,No,No,Male,0,No,Yes
59,46,25.23,4276.62,Month-to-month,Mailed check,DSL,No internet service,No internet service,Female,0,No,No
60,45,114.87,7430.96,One year,Mailed check,Fiber optic,Yes,No,Female,0,Yes,No
61,19,84.15,3487.14,Two year,Mailed check,No,No,No,Female,0,No,No
62,15,107.69,6971.52,Two year,Bank transfer,Fiber optic,No internet service,Yes,Male,0,Yes,Yes
63,66,87.61,3646.75,Month-to-month,Electronic check,No,No internet service,No,Male,0,Yes,No
64,39,55.7,7836.06,Month-to-month,Electronic check,Fiber optic,No internet service,No internet service,Male,0,No,No
65,18,71.27,7682.69,One year,Bank transfer,No,Yes,No internet service,Female,0,No,Yes
66,70,87.57,2700.18,One year,Mailed check,Fiber optic,Yes,No internet service,Female,0,No,No
67,59,116.03,7098.8,One year,Bank transfer,DSL,Yes,No internet service,Female,0,No,No
68,32,45.37,6796.13,Month-to-month,Bank transfer,DSL,No internet service,Yes,Male,0,No,No
69,21,107.5,1764.38,Two year,Mailed check,Fiber optic,Yes,No,Female,0,Yes,No
70,40,112.41,5031.89,One year,Bank transfer,DSL,No,Yes,Male,0,Yes,Yes
71,27,87.04,674.19,Two year,Credit card,Fiber optic,No internet service,No internet service,Female,0,No,No
72,2,113.13,6710.01,Month-to-month,Electronic check,Fiber optic,Yes,No,Female,0,No,No
73,39,59.79,1478.91,Month-to-month,Credit card,No,No internet service,Yes,Male,0,No,Yes
74,56,115.3,659.44,Two year,Credit card,Fiber optic,No internet service,No,Male,0,No,No
75,13,90.28,3261.73,One year,Credit card,No,Yes,No internet service,Female,0,Yes,No
76,56,24.2,4657.68,Two year,Bank transfer,No,No internet service,No internet service,Male,0,Yes,No
77,66,110.69,6853.84,Two year,Mailed check,No,Yes,No,Male,0,No,Yes
78,56,68.45,7796.52,One year,Bank transfer,DSL,Yes,No,Male,0,No,No
79,28,66.03,3571.99,Month-to-month,Electronic check,Fiber optic,Yes,No internet service,Male,0,No,Yes
80,64,76.65,577.53,Month-to-month,Bank transfer,Fiber optic,No internet service,Yes,Male,1,No,No
81,71,34.94,6018.01,Month-to-month,Bank transfer,Fiber optic,No internet service,No internet service,Female,0,No,No
82,64,66.92,4564.87,Month-to-month,Bank transfer,Fiber optic,Yes,No,Female,0,Yes,No
83,56,103.11,3638.34,Month-to-month,Bank transfer,No,No internet service,Yes,Female,0,No,Yes
84,41,21.55,2543.22,Month-to-month,Credit card,Fiber optic,Yes,No internet service,Female,0,No,Yes
85,41,47.29,4068.95,Month-to-month,Mailed check,Fiber optic,No,No,Male,0,No,No
86,4,20.25,2775.57,Month-to-month,Electronic check,No,No internet service,No,Female,0,No,No
87,57,61.57,6080.39,Month-to-month,Electronic check,DSL,No internet service,No,Male,0,No,No
88,30,92.83,4396.76,Month-to-month,Electronic check,Fiber optic,No,Yes,Female,0,No,Yes
89,46,99.88,7027.1,Month-to-month,Bank transfer,Fiber optic,No,Yes,Female,0,Yes,No
90,56,114.52,4394.0,One year,Electronic check,DSL,No,Yes,Male,0,Yes,No
91,31,80.85,1982.27,Month-to-month,Credit card,Fiber optic,Yes,Yes,Female,0,No,Yes
92,7,45.46,6823.63,Month-to-month,Mailed check,DSL,Yes,No,Female,0,No,No
93,54,112.41,4502.03,One year,Bank transfer,No,No,No,Female,0,Yes,No
94,8,97.53,1734.04,Two year,Bank transfer,DSL,Yes,Yes,Female,0,Yes,Yes
95,55,77.44,5025.71,Month-to-month,Credit card,DSL,No internet service,Yes,Female,0,No,Yes
96,69,89.56,2925.96,One year,Electronic check,Fiber optic,No,No,Female,0,No,Yes
97,44,112.43,6770.8,Two year,Bank transfer,DSL,No internet service,No internet service,Female,0,Yes,No
98,13,91.24,3681.07,Two year,Bank transfer,DSL,Yes,No internet service,Male,0,No,Yes
99,20,56.84,5838.89,Month-to-month,Credit card,Fiber optic,No,No,Female,0,No,No
100,32,91.3,854.74,One year,Credit card,Fiber optic,Yes,Yes,Female,0,No,No
101,60,24.03,3228.59,Month-to-month,Electronic check,Fiber optic,No internet service,Yes,Female,0,Yes,Yes
102,50,58.64,7867.61,One year,Mailed check,Fiber optic,Yes,No,Female,0,No,No
103,27,60.63,6486.84,Two year,Mailed check,Fiber optic,No internet service,No internet service,Female,0,No,Yes
104,25,36.68,1363.53,Month-to-month,Electronic check,Fiber optic,Yes,No,Female,0,Yes,No
105,52,22.31,2294.34,Two year,Mailed check,DSL,No internet service,No,Male,0,No,No
106,68,33.34,2705.54,Month-to-month,Credit card,DSL,Yes,No,Female,0,Yes,No
107,21,85.46,5237.89,Two year,Credit card,Fiber optic,No,Yes,Female,0,No,Yes
108,18,100.23,6080.26,One year,Credit card,No,No,Yes,Male,0,No,No
109,39,118.82,6021.26,Month-to-month,Mailed check,DSL,Yes,Yes,Male,0,Yes,Yes
110,15,54.64,4128.01,One year,Mailed check,Fiber optic,No internet service,No internet service,Female,0,Yes,No
111,53,79.94,6505.48,Month-to-month,Bank transfer,Fiber optic,Yes,No,Female,0,No,No
112,38,113.71,3552.92,Month-to-month,Bank transfer,Fiber optic,No,No,Female,0,Yes,No
113,48,36.7,1078.66,Two year,Bank transfer,Fiber optic,No internet service,No internet service,Male,0,No,No
114,52,91.76,4559.09,Month-to-month,Mailed check,DSL,Yes,Yes,Male,0,No,No
115,72,95.5,7623.18,Two year,Bank transfer,Fiber optic,Yes,No,Female,0,No,No
116,28,28.9,6364.65,Month-to-month,Credit card,DSL,No internet service,No internet service,Female,0,No,No
117,16,106.12,4671.74,Month-to-month,Mailed check,Fiber optic,Yes,Yes,Male,0,No,No
118,16,101.31,5209.76,Two year,Electronic check,No,No,Yes,Male,0,Yes,No
119,35,23.34,7451.44,Month-to-month,Mailed check,Fiber optic,No,No,Male,0,Yes,No
120,17,29.11,3483.91,One year,Bank transfer,DSL,No internet service,Yes,Male,0,Yes,Yes
121,52,24.91,2718.01,One year,Mailed check,No,Yes,No internet service,Female,0,No,Yes
122,12,53.47,7820.21,One year,Bank transfer,No,Yes,Yes,Male,0,No,No
123,48,70.93,6921.2,Two year,Bank transfer,Fiber optic,No,No,Male,0,No,No
124,22,73.23,2652.04,One year,Electronic check,Fiber optic,No internet service,No internet service,Female,0,No,No
125,49,46.77,3763.87,Month-to-month,Electronic check,DSL,No internet service,Yes,Male,1,No,Yes
126,52,111.16,3379.12,Two year,Credit card,No,No internet service,Yes,Female,0,Yes,No
127,1,56.83,1277.86,Month-to-month,Bank transfer,Fiber optic,No,Yes,Male,0,Yes,Yes
128,66,24.56,7666.77,Month-to-month,Mailed check,No,No,No internet service,Female,0,No,No
129,64,50.02,3294.07,Two year,Electronic check,Fiber optic,No internet service,Yes,Male,0,No,No
130,8,73.11,7015.1,One year,Electronic check,DSL,No internet service,No,Female,0,No,Yes
131,25,60.82,1595.91,Two year,Bank transfer,No,Yes,No internet service,Female,0,No,No
132,66,47.38,4428.18,One year,Mailed check,Fiber optic,Yes,No internet service,Male,1,No,No
133,70,33.13,289.29,Two year,Electronic check,DSL,No internet service,Yes,Female,0,Yes,No
134,51,101.92,6137.34,Two year,Electronic check,DSL,No,No internet service,Female,0,No,Yes
135,53,119.61,4689.22,Month-to-month,Mailed check,Fiber optic,No,No,Male,0,No,Yes
136,15,52.95,5042.16,Month-to-month,Electronic check,DSL,Yes,No internet service,Female,0,Yes,Yes
137,50,58.16,508.59,Month-to-month,Mailed check,Fiber optic,No internet service,No,Female,0,No,Yes
138,71,81.8,1767.2,One year,Bank transfer,Fiber optic,No,Yes,Male,0,No,Yes
139,38,91.84,687.21,Month-to-month,Electronic check,Fiber optic,No,No internet service,Male,0,No,Yes
140,40,59.2,2382.42,Month-to-month,Bank transfer,Fiber optic,No,No,Female,0,Yes,No
141,66,110.49,5056.77,Month-to-month,Mailed check,No,No,Yes,Female,0,Yes,No
142,39,76.0,4572.87,Two year,Bank transfer,DSL,Yes,No,Female,1,Yes,No
143,17,65.04,4935.98,One year,Bank transfer,Fiber optic,No,No internet service,Female,0,Yes,No
144,7,84.67,4439.09,Month-to-month,Bank transfer,DSL,No,No internet service,Female,0,No,No
145,39,115.28,2256.93,Month-to-month,Credit card,Fiber optic,No internet service,No,Male,0,No,No
146,68,99.46,2031.61,Month-to-month,Mailed check,No,No internet service,Yes,Female,0,No,Yes
147,35,24.0,1182.77,Month-to-month,Mailed check,No,Yes,Yes,Male,1,No,Yes
148,51,53.23,6807.66,Month-to-month,Mailed check,Fiber optic,Yes,Yes,Male,0,Yes,No
149,47,67.05,4970.19,Two year,Mailed check,Fiber optic,Yes,Yes,Male,0,No,No
150,36,51.45,1573.44,Two year,Mailed check,No,Yes,No,Male,0,No,No
151,64,90.02,1499.95,Month-to-month,Electronic check,No,No,No internet service,Female,0,No,No
152,13,102.63,6996.98,Month-to-month,Electronic check,No,No internet service,No,Female,0,Yes,No
153,18,93.13,5967.57,Month-to-month,Electronic check,Fiber optic,No,No internet service,Female,0,No,No
154,21,118.93,5309.25,Month-to-month,Bank transfer,No,No,No internet service,Male,0,No,No
155,65,47.25,3314.23,Month-to-month,Bank transfer,DSL,No,No,Male,0,No,No
156,8,107.5,2169.61,Month-to-month,Mailed check,DSL,No internet service,No,Female,0,Yes,No
157,48,96.66,7837.66,Month-to-month,Credit card,DSL,Yes,Yes,Male,1,No,No
158,43,56.22,6398.19,One year,Mailed check,DSL,Yes,No internet service,Female,1,No,Yes
159,53,93.41,2484.06,One year,Electronic check,Fiber optic,No internet service,Yes,Male,0,Yes,Yes
160,27,30.41,6795.76,One year,Mailed check,No,No internet service,Yes,Male,0,No,No
161,19,98.93,6095.56,Month-to-month,Bank transfer,Fiber optic,Yes,No,Male,0,Yes,No
162,23,73.23,2446.94,Two year,Mailed check,Fiber optic,No,Yes,Male,0,No,Yes
163,50,49.23,3469.77,Two year,Electronic check,Fiber optic,Yes,Yes,Male,1,No,Yes
164,51,85.58,1569.03,Month-to-month,Mailed check,Fiber optic,No internet service,Yes,Male,0,Yes,No
165,43,84.16,977.31,Month-to-month,Bank transfer,Fiber optic,Yes,No,Male,0,No,No
166,51,40.95,5809.82,Month-to-month,Credit card,No,Yes,Yes,Female,0,Yes,No
167,69,23.04,2213.34,Month-to-month,Electronic check,Fiber optic,Yes,Yes,Female,0,No,No
168,41,63.36,6578.47,Month-to-month,Mailed check,Fiber optic,No internet service,No,Male,0,No,No
169,72,76.95,7965.31,One year,Bank transfer,Fiber optic,No internet service,No,Male,0,No,Yes
170,11,107.66,705.3,Month-to-month,Electronic check,No,Yes,No,Female,0,No,Yes
171,52,112.82,3836.98,Month-to-month,Electronic check,DSL,Yes,No internet service,Male,0,No,No
172,23,72.88,6436.29,Month-to-month,Bank transfer,Fiber optic,No,No,Female,0,No,No
173,49,95.38,6332.71,Two year,Mailed check,Fiber optic,No,No internet service,Female,0,No,No
174,38,63.93,6103.98,Month-to-month,Mailed check,Fiber optic,Yes,No,Female,0,Yes,No
175,47,94.61,2857.06,One year,Mailed check,No,No internet service,No,Female,0,Yes,No
176,72,40.48,3685.44,Month-to-month,Electronic check,Fiber optic,No,No,Female,0,No,No
177,7,57.11,4800.25,Month-to-month,Credit card,Fiber optic,Yes,No internet service,Male,0,No,Yes
178,66,83.42,7794.13,One year,Electronic check,No,No,Yes,Male,0,No,No
179,62,21.82,2687.62,Month-to-month,Mailed check,Fiber optic,No,No,Female,0,Yes,No
180,29,92.25,7392.84,Month-to-month,Electronic check,Fiber optic,No,No internet service,Male,1,No,No
181,38,103.55,2227.92,Month-to-month,Credit card,DSL,No internet service,No,Female,0,No,No
182,33,59.91,7913.69,One year,Electronic check,DSL,Yes,Yes,Male,1,No,No
183,29,64.79,5395.08,One year,Bank transfer,Fiber optic,No internet service,No internet service,Male,0,No,Yes
184,23,105.13,3761.74,Month-to-month,Mailed check,DSL,No internet service,No,Male,0,No,No
185,3,97.57,4945.78,One year,Mailed check,No,No,No,Male,0,No,No
186,45,48.81,2253.0,Month-to-month,Mailed check,Fiber optic,Yes,No,Male,0,No,No
187,8,52.4,2265.97,One year,Electronic check,DSL,No,Yes,Male,0,No,No
188,29,87.89,997.08,Month-to-month,Electronic check,Fiber optic,No internet service,No internet service,Male,0,Yes,No
189,2,76.32,1001.0,One year,Electronic check,Fiber optic,No internet service,No,Male,0,No,No
190,50,36.22,2846.61,Two year,Mailed check,DSL,Yes,No,Female,0,No,No
191,65,50.99,6126.56,Two year,Electronic check,DSL,No internet service,No internet service,Female,1,No,No
192,20,110.0,4902.97,Month-to-month,Mailed check,Fiber optic,No internet service,Yes,Male,0,Yes,No
193,52,88.82,910.42,Two year,Electronic check,Fiber optic,Yes,Yes,Male,1,Yes,No
194,37,118.6,6832.67,Month-to-month,Mailed check,Fiber optic,No,Yes,Male,0,No,No
195,72,96.7,4850.8,Two year,Bank transfer,Fiber optic,Yes,Yes,Female,0,No,No
196,27,114.2,7690.76,Month-to-month,Electronic check,Fiber optic,No internet service,Yes,Male,0,No,No
197,47,41.62,5394.47,Month-to-month,Mailed check,Fiber optic,Yes,No,Male,1,No,Yes
198,6,97.15,1483.88,Month-to-month,Bank transfer,Fiber optic,No,No,Female,0,No,No
199,60,22.02,3842.89,Month-to-month,Bank transfer,No,No internet service,No,Female,0,Yes,No
200,45,87.08,5223.13,One year,Credit card,DSL,No,No internet service,Female,0,No,No
201,44,66.93,323.29,Two year,Electronic check,No,No,Yes,Male,0,No,No
202,18,54.68,217.79,One year,Mailed check,Fiber optic,Yes,No internet service,Female,0,No,No
203,65,106.24,1122.28,One year,Credit card,No,No,Yes,Male,0,No,No
204,25,105.43,2088.15,One year,Electronic check,Fiber optic,Yes,Yes,Female,0,No,No
205,27,22.23,3493.44,Month-to-month,Bank transfer,DSL,Yes,No internet service,Male,0,No,No
206,7,80.95,3950.78,Month-to-month,Electronic check,Fiber optic,No,No,Male,1,No,No
207,44,56.78,1190.42,Month-to-month,Mailed check,Fiber optic,Yes,No internet service,Male,0,No,No
208,29,61.57,5419.79,Month-to-month,Bank transfer,Fiber optic,Yes,No,Female,0,No,Yes
209,44,103.2,4809.49,Month-to-month,Credit card,Fiber optic,No,Yes,Male,1,Yes,Yes
210,36,50.98,2426.27,Month-to-month,Electronic check,No,No internet service,No,Male,0,No,Yes
211,19,114.3,207.91,Month-to-month,Electronic check,Fiber optic,Yes,Yes,Male,0,Yes,No
212,6,37.96,713.42,Month-to-month,Credit card,Fiber optic,Yes,Yes,Female,0,Yes,Yes
213,25,86.27,3194.39,Two year,Electronic check,DSL,No,No,Male,0,Yes,No
214,31,87.21,1316.4,Month-to-month,Electronic check,No,Yes,Yes,Male,0,No,No
215,9,45.22,3076.87,Month-to-month,Electronic check,No,No,No,Male,0,No,No
216,37,52.48,5062.64,One year,Bank transfer,No,No internet service,No internet service,Male,0,No,No
217,27,103.48,4423.18,Month-to-month,Bank transfer,DSL,No internet service,Yes,Female,0,Yes,No
218,13,96.18,1926.29,Month-to-month,Mailed check,Fiber optic,No,Yes,Male,0,Yes,No
219,41,52.91,2816.2,Month-to-month,Electronic check,DSL,No internet service,No internet service,Female,0,No,Yes
220,66,73.4,4950.85,Month-to-month,Mailed check,Fiber optic,No,Yes,Female,0,Yes,No
221,24,26.17,6900.75,Month-to-month,Bank transfer,DSL,Yes,No internet service,Male,0,No,No
222,44,40.87,6050.39,Month-to-month,Electronic check,Fiber optic,No internet service,No internet service,Female,0,No,Yes
223,60,68.58,4471.86,One year,Mailed check,Fiber optic,Yes,Yes,Female,0,No,No
224,9,28.6,2962.11,One year,Electronic check,Fiber optic,Yes,No internet service,Female,0,No,No
225,2,104.33,2983.91,Month-to-month,Electronic check,Fiber optic,No,No internet service,Male,1,Yes,No
226,56,91.8,7047.4,Month-to-month,Credit card,No,No internet service,No internet service,Female,1,No,No
227,30,114.36,410.02,Month-to-month,Mailed check,DSL,No internet service,Yes,Female,0,No,No
228,22,89.35,7905.06,Two year,Bank transfer,No,Yes,No internet service,Male,0,No,No
229,13,114.04,5348.57,Month-to-month,Mailed check,DSL,Yes,No,Male,0,Yes,No
230,71,75.45,5480.99,One year,Mailed check,DSL,No,No,Female,0,No,No
231,16,80.02,400.18,One year,Mailed check,DSL,No internet service,No internet service,Female,0,No,No
232,45,117.7,4883.68,Month-to-month,Credit card,Fiber optic,No,No,Female,0,Yes,No
233,65,84.21,3929.75,Month-to-month,Electronic check,Fiber optic,No,Yes,Male,0,No,No
234,11,23.08,935.65,Month-to-month,Bank transfer,No,No,No internet service,Female,0,Yes,Yes
235,70,92.38,2295.58,Month-to-month,Credit card,Fiber optic,No internet service,Yes,Male,1,No,No
236,20,110.55,7133.48,Month-to-month,Bank transfer,DSL,No,No,Female,0,No,No
237,63,99.56,4444.91,Month-to-month,Credit card,Fiber optic,No internet service,No,Female,0,No,Yes
238,12,78.38,3365.99,Month-to-month,Electronic check,DSL,No,No,Male,0,No,Yes
239,62,87.13,674.19,Month-to-month,Bank transfer,No,Yes,No,Female,0,No,Yes
240,42,119.02,5741.56,Two year,Mailed check,DSL,No,Yes,Male,0,No,No
241,69,29.07,5652.52,Month-to-month,Credit card,Fiber optic,No,No internet service,Female,0,No,No
242,58,86.72,4950.94,Two year,Bank transfer,Fiber optic,No internet service,Yes,Male,0,Yes,Yes
243,5,48.34,4131.07,Two year,Electronic check,No,Yes,No internet service,Male,0,No,No
244,27,84.01,3526.9,Two year,Bank transfer,Fiber optic,Yes,No,Female,0,No,No
245,28,80.76,4786.84,Two year,Credit card,No,No internet service,No,Male,0,No,Yes
246,26,35.35,1943.82,Month-to-month,Electronic check,DSL,No internet service,No,Female,0,No,Yes
247,49,40.67,7535.95,Month-to-month,Mailed check,No,Yes,No,Male,0,No,No
248,21,82.16,4751.48,One year,Credit card,Fiber optic,No internet service,Yes,Male,0,No,Yes
249,1,32.82,2558.42,One year,Credit card,DSL,Yes,No internet service,Male,0,No,Yes
250,58,46.52,3652.47,Two year,Electronic check,DSL,No,No internet service,Female,0,No,No
251,55,103.52,6464.91,Two year,Credit card,DSL,No,No,Male,0,No,No
252,26,52.71,1376.77,Month-to-month,Bank transfer,Fiber optic,Yes,Yes,Male,1,No,No
253,25,68.81,2413.4,Month-to-month,Mailed check,DSL,Yes,No,Male,1,Yes,No
254,33,114.11,5468.11,Month-to-month,Bank transfer,Fiber optic,No,No internet service,Female,0,Yes,No
255,72,42.71,2592.36,Month-to-month,Electronic check,No,No,No internet service,Female,0,No,Yes
256,69,58.96,6360.76,Month-to-month,Credit card,DSL,Yes,Yes,Male,0,Yes,Yes
257,6,80.65,1130.58,One year,Mailed check,Fiber optic,No internet service,No internet service,Male,0,No,No
258,23,95.53,6125.22,Two year,Electronic check,Fiber optic,No internet service,Yes,Female,0,No,No
259,30,110.17,639.98,Month-to-month,Bank transfer,No,Yes,No,Male,0,Yes,No
260,54,111.55,199.48,Two year,Credit card,Fiber optic,No internet service,No,Male,0,No,Yes
261,11,97.66,7195.97,One year,Credit card,Fiber optic,No,Yes,Male,0,No,Yes
262,31,42.83,4692.58,Two year,Electronic check,Fiber optic,No,No,Male,1,No,Yes
263,6,22.48,2879.43,Month-to-month,Bank transfer,DSL,No internet service,Yes,Male,0,Yes,No
264,11,58.38,1937.5,Two year,Credit card,DSL,Yes,No,Male,0,No,Yes
265,12,34.15,4973.4,One year,Bank transfer,Fiber optic,No,No,Female,0,No,No
266,66,91.04,4121.12,Month-to-month,Mailed check,DSL,No,No internet service,Male,0,Yes,No
267,53,86.11,7933.62,Month-to-month,Credit card,Fiber optic,No,No internet service,Male,0,No,Yes
268,36,24.4,7867.41,Two year,Mailed check,DSL,No internet service,Yes,Female,0,No,Yes
269,17,103.66,5116.69,Month-to-month,Credit card,Fiber optic,Yes,No,Female,0,Yes,No
270,28,44.87,3598.68,Month-to-month,Electronic check,DSL,No internet service,No,Female,0,No,Yes
271,22,63.22,3980.01,Month-to-month,Credit card,No,Yes,No,Female,0,No,Yes
272,7,86.79,5491.58,One year,Credit card,No,Yes,No internet service,Male,0,Yes,Yes
273,15,62.94,902.44,Two year,Bank transfer,DSL,No internet service,Yes,Female,0,Yes,No
274,11,64.13,2693.98,Month-to-month,Bank transfer,Fiber optic,No,Yes,Male,0,Yes,No
275,24,26.56,694.65,Month-to-month,Mailed check,Fiber optic,Yes,Yes,Female,0,Yes,Yes
276,67,60.14,679.55,Two year,Mailed check,DSL,No internet service,No,Female,0,No,No
277,30,96.48,1647.13,One year,Mailed check,Fiber optic,No,Yes,Female,0,Yes,No
278,70,111.52,3933.5,Two year,Credit card,DSL,Yes,No internet service,Male,0,No,No
279,66,61.35,6299.72,Month-to-month,Credit card,No,Yes,No internet service,Female,0,No,Yes
280,61,62.36,3935.42,Month-to-month,Mailed check,No,No,Yes,Female,0,No,No
281,41,90.26,2750.27,Month-to-month,Electronic check,Fiber optic,Yes,No,Female,0,Yes,No
282,51,114.28,750.59,One year,Electronic check,Fiber optic,No internet service,No internet service,Male,0,No,No
283,44,46.71,4447.33,Month-to-month,Credit card,No,Yes,No internet service,Male,0,Yes,No
284,13,64.01,2243.02,Month-to-month,Electronic check,No,Yes,No,Female,0,No,No
285,12,99.6,4957.98,Month-to-month,Electronic check,No,No,No,Male,0,No,No
286,9,80.97,7819.78,Month-to-month,Mailed check,DSL,No internet service,Yes,Female,1,No,No
287,48,31.06,979.38,Two year,Electronic check,DSL,No,No internet service,Male,1,No,No
288,49,82.77,1775.79,Month-to-month,Electronic check,Fiber optic,No internet service,No internet service,Female,0,No,No
289,53,38.67,3837.45,One year,Credit card,Fiber optic,No,Yes,Male,0,No,Yes
290,56,71.02,7752.05,Two year,Credit card,DSL,Yes,Yes,Female,1,No,Yes
291,40,72.91,6197.3,Month-to-month,Credit card,DSL,No internet service,No internet service,Male,0,No,No
292,24,107.62,7196.01,One year,Electronic check,No,No internet service,No internet service,Male,0,No,No
293,72,66.25,2736.35,Two year,Mailed check,No,Yes,No,Female,0,No,No
294,33,47.94,7937.1,Two year,Bank transfer,Fiber optic,No,No,Female,1,No,No
295,23,43.1,912.38,Month-to-month,Credit card,No,No internet service,No internet service,Male,1,No,Yes
296,54,107.43,518.49,Month-to-month,Credit card,Fiber optic,Yes,No internet service,Female,0,No,No
297,53,37.1,6859.26,Month-to-month,Credit card,No,Yes,No,Female,0,No,No
298,49,62.59,7425.39,One year,Mailed check,Fiber optic,No internet service,Yes,Female,0,Yes,No
299,49,38.72,815.62,One year,Bank transfer,DSL,No internet service,Yes,Female,0,Yes,No
300,60,97.33,996.08,One year,Bank transfer,Fiber optic,No internet service,No internet service,Male,0,No,No
301,65,67.44,362.08,Month-to-month,Credit card,Fiber optic,Yes,No internet service,Female,0,No,Yes
302,32,55.11,925.61,Month-to-month,Electronic check,Fiber optic,No,No,Male,0,No,Yes
303,21,56.11,1754.42,One year,Credit card,DSL,No,No internet service,Male,1,No,Yes
304,18,105.22,7763.61,Month-to-month,Credit card,No,No internet service,Yes,Female,0,No,No
305,60,75.38,5376.1,One year,Electronic check,DSL,Yes,No,Female,0,No,Yes
306,13,91.79,6250.57,Month-to-month,Electronic check,DSL,Yes,No,Male,1,Yes,Yes
307,24,109.7,6231.5,Month-to-month,Credit card,Fiber optic,No internet service,Yes,Female,1,No,Yes
308,30,110.17,4327.08,Month-to-month,Mailed check,Fiber optic,Yes,Yes,Female,0,Yes,No
309,2,52.85,6400.16,Month-to-month,Mailed check,Fiber optic,Yes,No,Male,0,No,No
310,25,115.25,4806.88,Month-to-month,Electronic check,Fiber optic,Yes,No internet service,Male,1,Yes,Yes
311,50,22.49,2584.91,Month-to-month,Credit card,Fiber optic,No internet service,Yes,Male,0,No,No
312,14,57.68,4532.77,Month-to-month,Mailed check,Fiber optic,No internet service,No,Female,1,No,No
313,6,109.58,4314.72,Month-to-month,Credit card,Fiber optic,No internet service,No internet service,Female,1,Yes,No
314,30,47.46,6605.28,Month-to-month,Credit card,DSL,No,No internet service,Male,1,No,No
315,30,47.31,7855.65,One year,Credit card,Fiber optic,No,No,Male,0,No,Yes
316,38,50.26,3347.24,Month-to-month,Mailed check,No,No internet service,Yes,Female,1,Yes,No
317,58,81.23,6130.79,One year,Bank transfer,DSL,Yes,No internet service,Female,0,No,No
318,41,63.83,888.13,One year,Credit card,Fiber optic,Yes,Yes,Female,0,No,No
319,57,92.67,6236.97,One year,Mailed check,No,No internet service,No,Male,1,No,Yes
320,36,109.49,3034.19,Two year,Bank transfer,Fiber optic,Yes,Yes,Female,0,Yes,No
321,64,87.42,411.18,Month-to-month,Electronic check,Fiber optic,Yes,No internet service,Female,0,Yes,No
322,16,40.45,2969.64,One year,Mailed check,No,No,No,Male,0,No,Yes
323,72,113.27,4924.08,Two year,Bank transfer,DSL,Yes,No internet service,Female,0,Yes,Yes
324,14,46.45,1042.08,Two year,Mailed check,DSL,Yes,No internet service,Male,1,Yes,No
325,31,34.99,7399.87,Month-to-month,Bank transfer,No,No internet service,No,Female,0,No,No
326,66,29.0,713.61,Month-to-month,Bank transfer,No,No,No,Male,0,No,No
327,68,76.34,7447.05,Month-to-month,Mailed check,Fiber optic,No,Yes,Male,0,No,No
328,65,31.38,5686.39,One year,Electronic check,Fiber optic,Yes,No,Male,0,No,No
329,55,33.88,2704.73,One year,Credit card,No,No internet service,Yes,Female,0,No,Yes
330,40,50.0,3186.93,Month-to-month,Bank transfer,Fiber optic,No,No,Female,0,No,No
331,25,48.17,5952.39,Month-to-month,Credit card,DSL,No,No internet service,Female,0,Yes,No
332,25,80.42,4851.62,One year,Electronic check,DSL,Yes,Yes,Female,1,No,No
333,3,101.67,5405.98,Month-to-month,Credit card,Fiber optic,No,No,Male,0,No,Yes
334,69,96.13,3174.4,Two year,Credit card,No,No internet service,Yes,Female,0,No,Yes
335,26,46.25,3953.73,One year,Mailed check,No,No internet service,Yes,Female,0,No,Yes
336,40,44.53,7919.95,Month-to-month,Mailed check,No,No,Yes,Male,0,No,No
337,38,116.58,1789.99,One year,Electronic check,No,No internet service,No internet service,Male,0,Yes,No
338,38,20.82,3401.06,Month-to-month,Mailed check,Fiber optic,No internet service,No,Male,0,Yes,No
339,68,107.97,2405.4,One year,Bank transfer,Fiber optic,Yes,No,Male,0,No,No
340,7,39.97,6144.38,Two year,Electronic check,Fiber optic,No,Yes,Female,0,No,No
341,30,114.73,6135.7,Two year,Mailed check,Fiber optic,No,No,Male,0,Yes,No
342,19,54.23,2410.32,Month-to-month,Mailed check,Fiber optic,Yes,No internet service,Female,0,No,No
343,35,64.04,742.98,Month-to-month,Electronic check,DSL,Yes,Yes,Female,0,No,Yes
344,33,90.71,190.32,Month-to-month,Bank transfer,No,Yes,No internet service,Male,0,No,Yes
345,33,78.77,3476.86,Month-to-month,Electronic check,Fiber optic,Yes,No internet service,Male,0,No,No
346,38,51.79,3341.67,Month-to-month,Mailed check,Fiber optic,No internet service,No,Male,1,Yes,No
347,10,75.38,7908.28,Month-to-month,Mailed check,Fiber optic,No internet service,No,Male,1,No,No
348,57,93.07,3811.44,Month-to-month,Electronic check,Fiber optic,Yes,Yes,Male,0,No,No
349,28,24.23,2125.71,Month-to-month,Bank transfer,DSL,No,No internet service,Female,0,Yes,No
350,38,21.12,7140.71,Month-to-month,Bank transfer,No,No,No,Male,0,No,No
351,16,65.81,3979.44,Two year,Credit card,DSL,No,Yes,Female,1,No,Yes
352,21,33.18,4833.49,One year,Bank transfer,DSL,Yes,Yes,Male,0,Yes,No
353,6,86.43,855.78,Month-to-month,Electronic check,Fiber optic,No internet service,No,Female,0,No,No
354,41,41.41,3125.04,Month-to-month,Bank transfer,Fiber optic,No internet service,No internet service,Female,0,Yes,No
355,15,63.29,7559.37,Month-to-month,Bank transfer,No,No internet service,Yes,Female,0,No,No
356,3,39.77,4757.09,Month-to-month,Credit card,No,No internet service,No,Male,0,No,No
357,43,74.85,2821.56,Month-to-month,Bank transfer,No,No,Yes,Male,0,No,No
358,47,31.61,5042.77,Two year,Credit card,DSL,No,No,Male,0,No,No
359,14,22.31,7292.25,One year,Credit card,DSL,No internet service,Yes,Female,0,No,No
360,66,25.11,2264.53,One year,Bank transfer,Fiber optic,Yes,No internet service,Female,0,No,No
361,29,115.43,4090.42,Month-to-month,Mailed check,DSL,No internet service,Yes,Male,0,No,No
362,4,34.23,7673.66,Two year,Electronic check,No,No internet service,No,Male,0,No,No
363,26,90.85,1461.93,Two year,Electronic check,Fiber optic,Yes,No,Female,1,No,No
364,12,26.79,5785.35,Month-to-month,Bank transfer,No,No internet service,No,Female,0,No,No
365,2,30.82,4954.4,Month-to-month,Electronic check,DSL,No,No internet service,Male,0,Yes,No
366,17,70.89,5469.43,Month-to-month,Electronic check,Fiber optic,Yes,No,Male,0,Yes,Yes
367,35,66.49,2874.64,Month-to-month,Credit card,Fiber optic,Yes,No,Male,0,No,No
368,10,115.16,2579.65,One year,Mailed check,DSL,No internet service,No internet service,Female,0,No,No
369,43,114.48,5505.26,Month-to-month,Electronic check,Fiber optic,No,No,Female,0,No,No
370,21,97.96,1802.79,Month-to-month,Mailed check,Fiber optic,No,No,Male,0,Yes,No
371,15,80.21,3415.27,Month-to-month,Electronic check,Fiber optic,No,No internet service,Male,1,No,No
372,35,65.5,1586.58,Month-to-month,Mailed check,Fiber optic,No internet service,Yes,Male,0,Yes,No
373,60,55.62,165.61,Two year,Mailed check,DSL,No internet service,No,Male,0,No,No
374,44,114.71,7763.45,One year,Electronic check,Fiber optic,No,Yes,Male,0,No,No
375,5,80.29,3510.45,One year,Credit card,DSL,No internet service,No internet service,Female,0,Yes,No
376,18,77.91,7757.86,Month-to-month,Mailed check,DSL,No,No,Male,0,No,No
377,21,43.19,1208.56,One year,Mailed check,DSL,No internet service,No,Female,0,No,No
378,72,24.67,4740.2,Month-to-month,Electronic check,DSL,Yes,No internet service,Female,0,Yes,No
379,51,114.52,1687.69,One year,Mailed check,Fiber optic,Yes,No,Female,0,No,No
380,41,51.37,6341.59,Month-to-month,Mailed check,DSL,No internet service,Yes,Female,1,No,Yes
381,24,64.26,6291.25,Month-to-month,Credit card,Fiber optic,No internet service,Yes,Female,0,Yes,Yes
382,24,31.46,989.6,Month-to-month,Mailed check,Fiber optic,No,No internet service,Female,0,No,No
383,38,103.69,7305.31,Month-to-month,Credit card,Fiber optic,Yes,No,Female,0,Yes,No
384,44,22.76,1637.57,Two year,Mailed check,No,No,No,Female,0,No,No
385,57,103.4,4942.52,Month-to-month,Mailed check,Fiber optic,No internet service,No internet service,Male,1,No,No
386,59,34.03,7886.51,Month-to-month,Credit card,Fiber optic,No,Yes,Male,0,No,No
387,34,108.66,7070.93,Month-to-month,Credit card,No,No,Yes,Male,1,Yes,No
388,23,92.98,7656.86,Two year,Bank transfer,Fiber optic,No internet service,No internet service,Male,0,Yes,No
389,43,36.47,2806.53,Month-to-month,Mailed check,Fiber optic,Yes,No,Male,1,No,No
390,40,76.58,934.05,One year,Credit card,Fiber optic,No,Yes,Female,0,No,No
391,47,51.27,1587.94,Two year,Mailed check,Fiber optic,No internet service,No,Female,1,No,Yes
392,41,37.82,4053.91,Month-to-month,Mailed check,Fiber optic,No,Yes,Female,0,Yes,No
393,47,105.92,6366.51,Month-to-month,Mailed check,DSL,No internet service,No,Female,0,No,Yes
394,20,60.35,1286.21,Month-to-month,Electronic check,DSL,No internet service,Yes,Female,0,No,No
395,65,59.85,5311.88,Two year,Bank transfer,DSL,No internet service,No,Male,0,No,Yes
396,68,36.99,2656.26,Month-to-month,Electronic check,Fiber optic,Yes,No internet service,Male,0,No,No
397,24,58.31,2795.5,Month-to-month,Bank transfer,DSL,Yes,Yes,Female,0,No,Yes
398,36,107.16,5329.15,One year,Mailed check,Fiber optic,No internet service,No internet service,Male,1,Yes,No
399,45,56.31,3789.3,One year,Mailed check,No,Yes,Yes,Male,0,No,No
400,2,115.16,6515.06,Month-to-month,Credit card,No,No,Yes,Male,0,Yes,Yes
401,28,114.63,1331.76,Month-to-month,Bank transfer,Fiber optic,Yes,Yes,Male,1,No,Yes
402,26,34.49,6340.59,Month-to-month,Bank transfer,No,Yes,No,Male,0,No,No
403,23,37.73,607.46,Month-to-month,Electronic check,Fiber optic,No,Yes,Female,0,No,Yes
404,36,106.27,1633.03,Month-to-month,Bank transfer,Fiber optic,No,No internet service,Male,1,No,Yes
405,6,59.28,5283.58,Two year,Mailed check,No,No,No,Male,0,No,Yes
406,35,20.44,6853.91,Month-to-month,Credit card,Fiber optic,No internet service,No,Female,0,No,No
407,38,47.39,2096.17,Two year,Electronic check,Fiber optic,No,Yes,Female,0,Yes,No
408,35,79.76,2684.81,One year,Credit card,DSL,No,No,Female,1,No,No
409,53,99.93,4343.25,Month-to-month,Bank transfer,Fiber optic,No,Yes,Female,1,No,No
410,38,33.34,1771.43,One year,Bank transfer,No,No internet service,No internet service,Female,1,No,Yes
411,59,31.05,6508.13,Month-to-month,Electronic check,Fiber optic,Yes,No,Female,0,Yes,No
412,43,112.21,6211.73,Two year,Bank transfer,Fiber optic,No internet service,No,Female,0,Yes,No
413,4,95.11,1247.8,Two year,Credit card,Fiber optic,Yes,No internet service,Female,0,No,No
414,5,78.98,3764.25,Month-to-month,Mailed check,No,No,No internet service,Male,0,No,No
415,68,96.92,6221.14,Month-to-month,Electronic check,DSL,No internet service,Yes,Female,0,Yes,No
416,45,62.89,2764.9,Month-to-month,Bank transfer,Fiber optic,No internet service,No,Female,0,Yes,Yes
417,25,95.85,5101.54,Month-to-month,Credit card,DSL,Yes,No internet service,Male,1,Yes,No
418,11,57.18,496.68,Month-to-month,Mailed check,Fiber optic,No internet service,No,Female,0,No,No
419,29,44.41,4908.64,Month-to-month,Bank transfer,Fiber optic,No internet service,No internet service,Female,0,No,No
420,34,92.9,1305.96,One year,Electronic check,DSL,Yes,No,Female,1,No,No
421,14,61.97,6661.61,Month-to-month,Bank transfer,Fiber optic,No internet service,No internet service,Female,1,Yes,Yes
422,24,118.14,2908.05,Two year,Bank transfer,Fiber optic,No internet service,No,Male,0,No,No
423,59,54.95,2324.28,Two year,Bank transfer,DSL,No,Yes,Male,0,Yes,Yes
424,39,112.17,6743.02,Month-to-month,Mailed check,Fiber optic,No,No,Female,0,No,Yes
425,26,113.3,496.14,Two year,Mailed check,DSL,No,Yes,Male,0,No,No
426,43,44.19,3233.21,Month-to-month,Bank transfer,Fiber optic,No,Yes,Male,0,No,No
427,36,99.82,3023.03,Month-to-month,Bank transfer,Fiber optic,No,Yes,Male,0,No,No
428,39,63.31,2349.92,One year,Electronic check,Fiber optic,No internet service,No,Male,1,No,No
429,61,111.75,7302.86,Month-to-month,Bank transfer,Fiber optic,No internet service,No,Male,0,No,No
430,16,65.01,6032.33,One year,Credit card,Fiber optic,No,Yes,Male,0,No,Yes
431,59,94.43,604.99,Two year,Credit card,DSL,Yes,No internet service,Female,0,Yes,No
432,6,66.7,5746.03,Two year,Electronic check,No,No,No,Female,0,No,No
433,56,42.78,4265.66,One year,Mailed check,Fiber optic,No internet service,No,Male,0,Yes,No
434,8,39.94,7216.86,One year,Bank transfer,DSL,Yes,No,Male,0,No,No
435,27,62.54,2572.27,Month-to-month,Electronic check,No,No,No,Male,1,Yes,No
436,71,95.55,4635.88,Month-to-month,Mailed check,DSL,Yes,Yes,Female,0,Yes,No
437,27,80.51,4055.97,One year,Electronic check,Fiber optic,No,No internet service,Female,0,No,No
438,46,88.86,3967.53,Month-to-month,Mailed check,Fiber optic,No internet service,No internet service,Female,0,No,No
439,41,48.23,3703.23,Month-to-month,Bank transfer,Fiber optic,No,No internet service,Female,0,No,No
440,25,68.14,1724.47,Month-to-month,Electronic check,No,Yes,No internet service,Female,0,Yes,No
441,18,24.44,6070.11,One year,Bank transfer,Fiber optic,No internet service,Yes,Female,0,Yes,No
442,12,101.75,3665.55,Month-to-month,Electronic check,DSL,No,No,Male,1,No,No
443,51,118.99,7672.28,One year,Mailed check,No,No,No,Female,0,No,No
444,39,60.69,2160.39,Month-to-month,Electronic check,No,No,Yes,Female,0,No,No
445,10,21.1,5493.68,Month-to-month,Credit card,Fiber optic,No,No,Female,0,No,No
446,54,36.98,7531.66,Month-to-month,Credit card,Fiber optic,No internet service,Yes,Male,0,No,No
447,29,85.25,5341.32,Month-to-month,Electronic check,DSL,No internet service,No internet service,Female,0,No,No
448,41,81.21,6983.06,Two year,Credit card,No,No,Yes,Male,0,No,No
449,9,98.79,6637.1,Month-to-month,Bank transfer,DSL,No internet service,No,Male,0,No,No
450,63,45.39,2944.93,Month-to-month,Credit card,DSL,Yes,No,Female,0,Yes,No
451,37,96.36,4840.98,Month-to-month,Credit card,Fiber optic,No internet service,No,Female,1,Yes,Yes
452,14,88.8,1334.46,Month-to-month,Bank transfer,DSL,Yes,No internet service,Female,0,No,Yes
453,72,52.28,4330.65,Month-to-month,Bank transfer,DSL,Yes,Yes,Male,0,Yes,No
454,39,74.55,1920.33,Month-to-month,Mailed check,Fiber optic,No internet service,Yes,Female,0,Yes,No
455,40,34.73,5975.52,Two year,Bank transfer,DSL,No,No,Male,0,No,No
456,54,65.26,4271.66,One year,Electronic check,DSL,No internet service,Yes,Male,0,No,Yes
457,3,108.12,3348.7,Month-to-month,Credit card,DSL,Yes,No,Female,0,No,Yes
458,55,62.12,2223.5,Month-to-month,Mailed check,DSL,Yes,Yes,Female,0,No,No
459,33,103.96,7989.72,Month-to-month,Bank transfer,Fiber optic,No internet service,No internet service,Female,0,No,No
460,71,79.03,666.51,Month-to-month,Credit card,No,Yes,No internet service,Male,0,No,No
461,19,39.19,444.13,One year,Electronic check,Fiber optic,No internet service,Yes,Female,0,Yes,No
462,34,78.11,1816.33,Two year,Electronic check,Fiber optic,No internet service,No internet service,Male,0,No,No
463,50,70.6,7771.47,Month-to-month,Mailed check,DSL,No,No internet service,Female,0,No,Yes
464,47,59.86,7835.98,Two year,Electronic check,DSL,Yes,No internet service,Male,0,No,Yes
465,46,31.96,5273.93,Month-to-month,Credit card,DSL,No internet service,No,Female,0,No,No
466,56,61.67,7052.84,Month-to-month,Bank transfer,Fiber optic,Yes,Yes,Female,0,No,Yes
467,57,27.28,1790.3,Month-to-month,Electronic check,Fiber optic,No internet service,Yes,Male,0,No,No
468,51,29.88,7779.13,Month-to-month,Bank transfer,Fiber optic,No internet service,No,Male,0,No,No
469,54,61.59,1228.0,Two year,Credit card,Fiber optic,No,No,Female,1,No,Yes
470,28,50.54,898.89,Month-to-month,Credit card,DSL,No internet service,No internet service,Male,1,No,Yes
471,19,112.55,986.47,Month-to-month,Bank transfer,No,No,Yes,Male,0,No,Yes
472,27,57.57,4627.71,Two year,Credit card,Fiber optic,Yes,No,Male,0,No,No
473,48,95.79,6269.7,Two year,Mailed check,Fiber optic,No,No internet service,Male,0,No,Yes
474,19,73.02,2996.67,One year,Electronic check,Fiber optic,No,Yes,Female,0,Yes,No
475,51,90.41,7825.38,Two year,Mailed check,Fiber optic,Yes,No internet service,Male,1,Yes,No
476,7,46.01,3531.92,Month-to-month,Mailed check,No,No,Yes,Female,1,No,No
477,29,114.19,1288.54,Two year,Mailed check,No,No,No internet service,Female,0,No,Yes
478,43,73.01,3781.14,One year,Bank transfer,Fiber optic,No internet service,Yes,Female,0,Yes,No
479,69,103.13,5464.39,Two year,Bank transfer,Fiber optic,No,Yes,Male,0,No,No
480,58,56.5,6674.58,Two year,Credit card,DSL,No internet service,Yes,Female,0,No,No
481,8,30.02,3724.27,Month-to-month,Bank transfer,No,No,Yes,Female,0,No,No
482,42,87.37,4789.49,One year,Credit card,Fiber optic,Yes,No internet service,Female,0,Yes,No
483,42,20.78,2212.02,Month-to-month,Bank transfer,DSL,Yes,No,Female,0,No,No
484,13,67.53,5202.74,Month-to-month,Credit card,Fiber optic,No,Yes,Female,0,No,No
485,26,39.28,7889.18,Month-to-month,Electronic check,DSL,No internet service,Yes,Male,0,No,No
486,18,82.74,487.52,Two year,Credit card,Fiber optic,No,Yes,Female,0,Yes,No
487,42,117.94,7103.59,Month-to-month,Electronic check,Fiber optic,No internet service,Yes,Male,1,No,No
488,51,66.44,4542.03,Month-to-month,Credit card,DSL,No,No internet service,Female,0,Yes,No
489,16,101.75,2091.58,Month-to-month,Bank transfer,DSL,Yes,No,Female,0,No,No
490,3,70.78,7643.63,Two year,Bank transfer,No,Yes,No,Male,0,Yes,Yes
491,45,69.58,3918.5,Month-to-month,Electronic check,Fiber optic,No internet service,No,Male,1,No,No
492,22,113.04,2720.35,One year,Mailed check,No,No,No internet service,Female,0,Yes,Yes
493,23,109.0,1533.83,Two year,Mailed check,Fiber optic,No internet service,No,Female,1,Yes,Yes
494,59,98.58,2031.17,Month-to-month,Credit card,Fiber optic,Yes,No internet service,Female,0,No,No
495,62,49.63,6679.51,Month-to-month,Bank transfer,Fiber optic,No internet service,No internet service,Female,0,No,No
496,68,74.5,4953.84,One year,Mailed check,DSL,No,Yes,Female,0,No,No
497,54,42.39,7314.64,Two year,Bank transfer,DSL,No internet service,No internet service,Male,0,No,No
498,57,64.39,1932.55,One year,Bank transfer,Fiber optic,No,No,Female,0,No,Yes
499,23,68.42,1056.99,Month-to-month,Bank transfer,DSL,No,No,Female,0,Yes,No
500,60,103.16,148.09,Two year,Credit card,No,Yes,No,Male,0,No,Yes
501,55,109.6,4112.11,Month-to-month,Electronic check,DSL,No,Yes,Male,0,No,No
502,63,61.46,7986.62,One year,Credit card,Fiber optic,No,Yes,Female,0,No,No
503,56,21.77,5590.23,Two year,Mailed check,Fiber optic,No,Yes,Male,0,Yes,No
504,55,106.18,2536.32,Month-to-month,Electronic check,DSL,No internet service,No internet service,Male,0,No,No
505,25,37.43,7027.18,One year,Mailed check,Fiber optic,Yes,No,Male,0,Yes,No
506,26,82.19,6275.61,One year,Electronic check,DSL,No internet service,No internet service,Female,0,No,No
507,49,22.5,221.78,Two year,Electronic check,No,No internet service,No internet service,Female,1,Yes,Yes
508,63,59.95,6553.2,Month-to-month,Credit card,DSL,Yes,No,Female,0,Yes,No
509,45,118.6,2474.16,Month-to-month,Bank transfer,Fiber optic,No internet service,Yes,Male,0,No,Yes
510,39,30.07,1282.42,Two year,Bank transfer,Fiber optic,No internet service,No,Female,0,No,No
511,65,62.37,1888.01,Month-to-month,Electronic check,No,No,No internet service,Female,1,No,No
512,69,50.71,3801.78,Month-to-month,Credit card,No,No internet service,No internet service,Male,0,Yes,No
513,56,110.51,3456.46,Two year,Mailed check,Fiber optic,Yes,Yes,Female,0,Yes,No
514,9,106.93,2382.21,Month-to-month,Mailed check,Fiber optic,No internet service,No internet service,Male,0,No,No
515,70,43.77,1460.52,Two year,Bank transfer,Fiber optic,No,No internet service,Male,1,No,Yes
516,28,28.12,6121.62,Month-to-month,Bank transfer,Fiber optic,No internet service,No,Male,0,Yes,Yes
517,45,82.71,7921.87,Month-to-month,Mailed check,No,Yes,Yes,Male,1,No,No
518,26,53.64,6244.55,One year,Mailed check,DSL,No,No,Female,0,Yes,No
519,28,87.21,2437.9,One year,Credit card,Fiber optic,No internet service,No,Female,0,No,No
520,40,23.21,2033.99,One year,Mailed check,Fiber optic,Yes,No,Female,0,Yes,No
521,15,33.34,1819.56,Month-to-month,Credit card,Fiber optic,Yes,No internet service,Male,0,Yes,No
522,6,88.64,1179.89,Two year,Bank transfer,DSL,No internet service,No internet service,Female,1,Yes,No
523,27,41.24,4455.51,Month-to-month,Mailed check,Fiber optic,No internet service,Yes,Female,0,Yes,Yes
524,38,105.76,4882.66,Month-to-month,Bank transfer,Fiber optic,No,No internet service,Male,0,Yes,Yes
525,68,25.86,5673.47,Month-to-month,Electronic check,No,No internet service,Yes,Male,0,No,Yes
526,64,41.55,5473.69,One year,Electronic check,Fiber optic,No,No,Female,0,Yes,No
527,30,119.86,2409.43,Month-to-month,Electronic check,DSL,No internet service,No,Male,0,Yes,No
528,3,63.31,2709.46,Month-to-month,Mailed check,DSL,Yes,No internet service,Female,0,Yes,Yes
529,62,90.3,5483.96,Month-to-month,Bank transfer,DSL,Yes,No internet service,Male,0,No,No
530,12,38.27,2860.64,Month-to-month,Mailed check,Fiber optic,Yes,Yes,Male,0,No,No
531,30,80.99,1779.72,Month-to-month,Bank transfer,Fiber optic,Yes,No internet service,Female,0,No,No
532,38,92.61,3057.26,One year,Credit card,DSL,No,No internet service,Male,0,No,No
533,60,51.45,2249.46,Month-to-month,Mailed check,Fiber optic,Yes,No internet service,Male,0,Yes,Yes
534,38,102.89,797.67,Two year,Electronic check,Fiber optic,No,No,Male,0,Yes,No
535,15,80.34,6658.1,One year,Credit card,DSL,No,No internet service,Female,1,No,Yes
536,18,58.91,6839.58,Month-to-month,Bank transfer,Fiber optic,No,No internet service,Female,0,No,No
537,52,75.76,1836.03,One year,Mailed check,No,No internet service,No,Female,1,No,No
538,29,77.68,611.7,Month-to-month,Bank transfer,Fiber optic,No,No,Male,0,No,Yes
539,60,36.55,5936.74,One year,Bank transfer,Fiber optic,No internet service,No,Male,0,No,No
540,21,60.27,1771.08,Two year,Mailed check,Fiber optic,No,No,Male,0,No,Yes
541,17,54.34,3208.14,Month-to-month,Mailed check,No,No internet service,No internet service,Male,0,Yes,No
542,18,60.09,606.67,One year,Bank transfer,Fiber optic,No internet service,No internet service,Female,0,Yes,Yes
543,57,96.11,1887.53,Month-to-month,Bank transfer,Fiber optic,Yes,No internet service,Female,0,No,No
544,37,68.25,6363.93,Month-to-month,Credit card,No,No,Yes,Male,0,Yes,No
545,60,114.03,6454.73,Two year,Electronic check,No,No internet service,No,Female,0,No,Yes
546,38,49.37,1735.97,Month-to-month,Bank transfer,Fiber optic,Yes,No internet service,Female,0,No,No
547,12,61.57,2753.72,Month-to-month,Electronic check,DSL,No,No internet service,Female,0,No,No
548,1,98.7,1160.48,Month-to-month,Credit card,Fiber optic,Yes,No internet service,Male,0,Yes,No
549,58,74.6,685.96,One year,Electronic check,Fiber optic,No internet service,No,Female,0,No,No
550,3,74.7,7938.16,Month-to-month,Electronic check,Fiber optic,Yes,No,Female,0,No,No
551,63,25.33,5279.19,Two year,Credit card,DSL,Yes,No,Female,1,No,No
552,21,59.86,4382.56,Month-to-month,Bank transfer,DSL,No,No internet service,Female,1,Yes,Yes
553,23,47.07,6147.44,Month-to-month,Electronic check,Fiber optic,No internet service,No,Female,0,Yes,No
554,9,119.93,6736.61,One year,Bank transfer,DSL,No,No internet service,Male,0,No,Yes
555,55,50.84,6473.05,Month-to-month,Bank transfer,Fiber optic,No,Yes,Female,0,No,No
556,19,108.45,230.66,One year,Mailed check,Fiber optic,Yes,No,Female,0,No,No
557,62,87.62,1575.78,Month-to-month,Bank transfer,Fiber optic,No internet service,No,Male,0,No,No
558,39,54.09,5273.75,Month-to-month,Bank transfer,DSL,No,No internet service,Female,1,No,No
559,27,74.35,3068.5,Month-to-month,Electronic check,DSL,No internet service,No,Male,0,No,Yes
560,46,104.05,7861.61,Two year,Bank transfer,DSL,No,No,Male,0,Yes,Yes
561,34,108.34,5356.7,One year,Bank transfer,DSL,Yes,No internet service,Male,0,No,No
562,33,36.04,7656.74,Two year,Mailed check,Fiber optic,No,No internet service,Male,0,Yes,No
563,50,53.96,1691.43,Month-to-month,Mailed check,Fiber optic,No,No internet service,Female,0,Yes,No
564,20,53.52,6925.26,One year,Electronic check,DSL,No,Yes,Female,0,Yes,No
565,40,24.2,2638.68,Month-to-month,Electronic check,DSL,No internet service,No internet service,Male,0,No,No
566,58,79.82,7917.56,Two year,Mailed check,DSL,Yes,No,Female,0,Yes,No
567,31,105.48,1345.74,One year,Mailed check,No,No internet service,Yes,Male,1,Yes,No
568,38,58.16,4179.08,One year,Credit card,Fiber optic,No,No internet service,Female,1,No,Yes
569,45,94.0,6363.47,Month-to-month,Bank transfer,No,Yes,Yes,Female,0,Yes,Yes
570,41,82.77,3517.88,Month-to-month,Electronic check,No,No internet service,Yes,Male,0,No,No
571,9,57.56,3797.86,Month-to-month,Electronic check,Fiber optic,No,No,Female,0,No,No
572,9,34.11,7892.21,Two year,Bank transfer,Fiber optic,Yes,Yes,Male,0,No,No
573,63,90.93,3459.93,Month-to-month,Bank transfer,DSL,Yes,No internet service,Female,1,Yes,No
574,22,105.46,4872.17,Month-to-month,Electronic check,Fiber optic,No,Yes,Female,0,Yes,No
575,16,88.59,530.86,Month-to-month,Mailed check,DSL,Yes,Yes,Female,0,No,No
576,32,21.79,6753.46,Month-to-month,Mailed check,No,Yes,No,Male,0,No,Yes
577,66,41.62,5220.53,Month-to-month,Bank transfer,DSL,No internet service,No,Male,0,Yes,Yes
578,14,26.95,3291.76,Two year,Electronic check,Fiber optic,Yes,No internet service,Male,1,No,Yes
579,38,77.04,227.74,One year,Bank transfer,DSL,No internet service,No,Female,0,No,Yes
580,8,95.65,4774.18,Two year,Mailed check,No,No internet service,No internet service,Male,0,Yes,No
581,21,31.06,200.0,Two year,Credit card,DSL,No internet service,No internet service,Male,0,No,No
582,56,103.83,109.51,Month-to-month,Credit card,Fiber optic,No internet service,No,Male,0,Yes,No
583,46,75.55,4967.18,Month-to-month,Mailed check,Fiber optic,Yes,Yes,Female,0,No,No
584,43,89.0,1593.23,Month-to-month,Bank transfer,Fiber optic,Yes,No,Female,1,No,Yes
585,46,117.14,1615.91,Two year,Credit card,Fiber optic,No internet service,Yes,Female,0,Yes,No
586,48,28.37,5260.85,Month-to-month,Mailed check,No,Yes,Yes,Female,1,No,No
587,70,110.12,524.21,Month-to-month,Electronic check,DSL,No internet service,No internet service,Male,1,No,No
588,31,32.61,2575.9,Month-to-month,Bank transfer,No,No internet service,No internet service,Female,0,No,No
589,33,59.3,1280.51,Month-to-month,Bank transfer,Fiber optic,No internet service,No,Male,0,No,No
590,44,105.14,4683.39,Month-to-month,Credit card,No,No,Yes,Female,1,No,No
591,71,110.63,5327.94,Month-to-month,Bank transfer,Fiber optic,Yes,No,Male,0,No,Yes
592,8,70.64,5796.97,Two year,Credit card,Fiber optic,Yes,No internet service,Male,0,Yes,Yes
593,2,79.41,2116.33,Two year,Credit card,No,No internet service,Yes,Female,0,Yes,No
594,17,90.81,805.07,Month-to-month,Mailed check,Fiber optic,Yes,No,Male,0,No,No
595,52,103.28,721.6,Month-to-month,Credit card,Fiber optic,No internet service,No,Male,0,No,No
596,45,32.15,3466.6,Two year,Electronic check,DSL,Yes,No internet service,Male,0,Yes,No
597,37,101.01,7572.17,Month-to-month,Bank transfer,DSL,No internet service,No internet service,Male,0,No,No
598,42,68.13,1820.06,Two year,Credit card,Fiber optic,No internet service,No internet service,Female,0,No,Yes
599,44,65.06,2128.26,Month-to-month,Bank transfer,Fiber optic,No,No internet service,Female,0,No,Yes
600,38,62.39,897.02,One year,Credit card,Fiber optic,No internet service,No,Male,0,Yes,Yes
601,6,70.92,4884.01,One year,Mailed check,DSL,No,No internet service,Female,0,No,No
602,68,114.51,5471.0,One year,Electronic check,Fiber optic,Yes,No internet service,Male,0,No,No
603,51,74.82,5179.16,Two year,Bank transfer,Fiber optic,Yes,No,Male,0,No,No
604,35,115.32,6902.93,Month-to-month,Mailed check,Fiber optic,No,No,Female,0,Yes,No
605,58,38.03,3942.76,Month-to-month,Bank transfer,No,Yes,Yes,Male,0,No,Yes
606,57,92.41,1162.21,Month-to-month,Mailed check,Fiber optic,No,No,Female,0,No,Yes
607,6,101.22,2386.3,Two year,Electronic check,DSL,Yes,Yes,Male,1,No,No
608,13,87.91,5333.2,Month-to-month,Credit card,No,No,No internet service,Female,0,Yes,No
609,59,80.69,4943.66,Two year,Mailed check,Fiber optic,No,Yes,Female,0,No,Yes
610,30,76.48,4294.92,Month-to-month,Bank transfer,Fiber optic,No internet service,Yes,Male,0,Yes,No
611,2,106.09,5495.42,Month-to-month,Bank transfer,DSL,Yes,No internet service,Female,1,Yes,No
612,58,102.16,5135.39,One year,Mailed check,Fiber optic,No internet service,No internet service,Male,0,Yes,Yes
613,36,32.23,7062.47,Month-to-month,Electronic check,DSL,No,No internet service,Female,0,Yes,No
614,72,104.86,4729.53,Month-to-month,Electronic check,Fiber optic,No internet service,Yes,Male,0,No,Yes
615,45,61.41,6250.95,Month-to-month,Credit card,DSL,No,No,Female,0,Yes,No
616,9,45.37,2064.79,Month-to-month,Credit card,DSL,Yes,No,Female,0,No,Yes
617,65,106.98,5457.64,One year,Bank transfer,DSL,Yes,No,Female,0,No,No
618,50,63.2,7227.33,One year,Bank transfer,DSL,Yes,No internet service,Male,1,No,No
619,32,100.84,3147.29,Month-to-month,Credit card,DSL,No,No internet service,Female,0,No,No
620,43,46.34,6254.92,Month-to-month,Credit card,Fiber optic,No internet service,No,Male,1,No,Yes
621,54,20.39,5825.84,Month-to-month,Credit card,DSL,Yes,No internet service,Female,0,No,Yes
622,47,69.55,570.26,Month-to-month,Mailed check,Fiber optic,No,Yes,Female,0,No,No
623,14,30.02,4693.92,Two year,Credit card,DSL,No internet service,Yes,Male,1,No,No
624,48,95.44,1128.5,Two year,Mailed check,No,No,No internet service,Female,0,No,No
625,55,47.61,7741.82,Month-to-month,Mailed check,No,No,No,Male,0,No,No
626,29,64.36,6510.12,Month-to-month,Credit card,DSL,Yes,No,Male,0,No,Yes
627,47,28.7,966.82,Two year,Electronic check,Fiber optic,No,Yes,Male,1,No,No
628,63,48.67,1061.84,Month-to-month,Electronic check,DSL,No,No internet service,Male,0,Yes,No
629,19,98.15,4796.34,Month-to-month,Bank transfer,No,No internet service,No,Male,0,Yes,No
630,9,35.16,2824.62,One year,Credit card,Fiber optic,Yes,No,Female,0,No,No
631,37,84.72,375.76,Month-to-month,Bank transfer,DSL,No,No internet service,Male,1,Yes,No
632,52,111.74,4378.97,Month-to-month,Credit card,Fiber optic,No,No internet service,Female,1,No,Yes
633,57,87.98,3163.98,Two year,Bank transfer,DSL,No internet service,No,Male,0,Yes,Yes
634,28,101.1,898.5,One year,Mailed check,Fiber optic,No,No internet service,Male,0,No,No
635,36,30.9,6435.17,Month-to-month,Credit card,Fiber optic,No,No internet service,Female,1,No,No
636,64,45.07,7329.11,Month-to-month,Electronic check,Fiber optic,No,No internet service,Female,0,Yes,Yes
637,18,109.45,6077.09,Month-to-month,Credit card,Fiber optic,No,No,Male,0,No,Yes
638,35,91.51,6597.14,One year,Bank transfer,DSL,No,Yes,Male,0,No,Yes
639,68,83.96,1810.28,Month-to-month,Bank transfer,DSL,No internet service,No internet service,Female,0,No,No
640,39,86.38,2182.23,Month-to-month,Bank transfer,DSL,No,No,Female,0,No,Yes
641,8,61.42,1747.37,Two year,Bank transfer,No,No,Yes,Male,0,Yes,No
642,15,24.46,6144.0,Month-to-month,Bank transfer,DSL,No,No,Male,0,No,No
643,7,98.44,7588.54,Month-to-month,Bank transfer,Fiber optic,No,No,Male,1,Yes,Yes
644,17,87.87,5763.01,Month-to-month,Electronic check,Fiber optic,Yes,No,Female,0,No,Yes
645,64,67.28,7063.59,Month-to-month,Bank transfer,DSL,Yes,Yes,Male,0,No,No
646,12,109.98,5145.72,Month-to-month,Electronic check,Fiber optic,Yes,No,Female,1,No,No
647,56,53.62,3162.51,Two year,Credit card,Fiber optic,Yes,Yes,Female,0,No,Yes
648,46,49.43,3463.52,Two year,Mailed check,Fiber optic,No internet service,No internet service,Male,0,No,No
649,47,107.28,695.04,Month-to-month,Electronic check,Fiber optic,Yes,Yes,Male,0,Yes,No
650,16,99.7,348.51,Month-to-month,Credit card,Fiber optic,No internet service,No,Female,0,No,No
651,69,71.5,5594.26,One year,Mailed check,DSL,Yes,Yes,Male,0,No,No
652,2,33.07,3563.59,Month-to-month,Electronic check,Fiber optic,No internet service,No,Male,0,Yes,No
653,54,41.51,4462.5,Month-to-month,Electronic check,Fiber optic,Yes,No internet service,Female,0,No,No
654,27,85.62,4505.52,Two year,Credit card,DSL,No,Yes,Male,0,No,No
655,31,58.5,2291.27,Month-to-month,Bank transfer,Fiber optic,Yes,No internet service,Female,0,Yes,Yes
656,41,103.65,3859.55,Month-to-month,Electronic check,DSL,Yes,Yes,Female,0,No,No
657,36,115.0,3819.01,Month-to-month,Electronic check,DSL,Yes,No,Male,0,No,Yes
658,47,100.56,3168.58,Month-to-month,Credit card,Fiber optic,No,Yes,Female,0,Yes,No
659,43,57.75,6583.34,Month-to-month,Bank transfer,No,No internet service,No internet service,Female,0,No,No
660,65,98.87,3664.2,Month-to-month,Mailed check,No,No internet service,Yes,Male,0,No,No
661,50,55.14,4868.79,Month-to-month,Bank transfer,DSL,No,No internet service,Female,0,No,No
662,1,36.71,7174.61,One year,Bank transfer,Fiber optic,Yes,No internet service,Male,0,No,Yes
663,72,23.34,6943.25,Month-to-month,Credit card,Fiber optic,Yes,No,Female,0,No,No
664,57,58.57,7134.34,Month-to-month,Bank transfer,DSL,Yes,Yes,Female,0,No,No
665,16,110.36,2233.04,One year,Credit card,Fiber optic,No internet service,No internet service,Female,0,Yes,No
666,28,43.9,376.36,Two year,Mailed check,Fiber optic,No internet service,No,Female,0,No,No
667,22,40.65,2162.43,Month-to-month,Electronic check,No,No,No,Female,0,Yes,No
668,41,116.98,2301.79,Month-to-month,Electronic check,DSL,No,No,Female,0,No,Yes
669,19,22.5,7283.95,Month-to-month,Credit card,DSL,No internet service,No internet service,Female,1,No,Yes
670,50,98.58,5229.02,One year,Credit card,No,Yes,Yes,Male,0,Yes,No
671,59,52.14,745.46,Month-to-month,Bank transfer,Fiber optic,Yes,No internet service,Female,0,No,No
672,69,23.75,1169.49,Month-to-month,Bank transfer,No,Yes,No,Male,1,No,Yes
673,34,111.78,1329.84,Month-to-month,Electronic check,DSL,Yes,No internet service,Female,0,Yes,No
674,39,33.96,5080.33,Month-to-month,Electronic check,Fiber optic,No,No internet service,Female,1,Yes,Yes
675,7,75.18,5909.77,Month-to-month,Electronic check,Fiber optic,No,No,Male,0,No,No
676,52,47.41,6891.19,Month-to-month,Credit card,DSL,No internet service,Yes,Male,0,Yes,No
677,60,26.52,7531.03,Two year,Mailed check,Fiber optic,No,No,Male,0,No,Yes
678,52,24.99,1693.47,One year,Mailed check,Fiber optic,Yes,No,Female,0,No,No
679,24,31.56,2547.2,Month-to-month,Credit card,DSL,No internet service,No internet service,Male,0,No,No
680,26,27.14,1998.55,Month-to-month,Bank transfer,DSL,No,No,Female,0,Yes,No
681,10,96.06,2934.22,Month-to-month,Mailed check,Fiber optic,No,No internet service,Female,1,No,No
682,17,68.56,7325.85,Month-to-month,Bank transfer,Fiber optic,No,No,Male,0,Yes,No
683,2,54.29,4643.39,Two year,Electronic check,No,No,No,Female,0,No,No
684,27,61.84,5931.72,Two year,Electronic check,Fiber optic,No,Yes,Male,0,No,Yes
685,71,112.89,3971.94,Month-to-month,Bank transfer,DSL,Yes,No,Male,0,No,No
686,48,111.08,327.98,Month-to-month,Electronic check,No,Yes,Yes,Male,0,No,Yes
687,9,91.57,607.14,Month-to-month,Credit card,No,Yes,No,Male,0,No,Yes
688,23,108.47,4349.59,One year,Bank transfer,DSL,No,No,Female,0,No,No
689,71,51.96,5778.43,One year,Bank transfer,Fiber optic,No internet service,No,Female,0,Yes,No
690,27,58.11,1801.11,Two year,Bank transfer,DSL,Yes,Yes,Male,0,No,No
691,71,81.37,5803.09,One year,Mailed check,DSL,Yes,No internet service,Male,0,Yes,Yes
692,43,82.36,6504.26,Month-to-month,Bank transfer,DSL,No,Yes,Female,1,No,Yes
693,7,68.17,3353.99,One year,Bank transfer,DSL,No internet service,No,Female,0,No,No
694,63,60.07,5996.71,One year,Bank transfer,No,Yes,No internet service,Male,0,No,No
695,44,118.62,3291.84,Month-to-month,Mailed check,Fiber optic,Yes,No,Female,0,No,No
696,39,102.11,5458.97,Month-to-month,Electronic check,No,No internet service,Yes,Female,0,Yes,No
697,40,63.5,6135.58,One year,Mailed check,Fiber optic,No,Yes,Female,0,No,No
698,7,92.73,7936.22,One year,Credit card,Fiber optic,No internet service,No internet service,Female,0,Yes,Yes
699,70,46.96,2828.63,One year,Bank transfer,Fiber optic,No,Yes,Male,0,Yes,No
700,25,30.02,3347.22,One year,Credit card,No,Yes,No,Female,0,Yes,No
701,59,55.24,1408.4,One year,Mailed check,Fiber optic,No internet service,No internet service,Male,0,No,No
702,13,60.3,1712.18,One year,Electronic check,Fiber optic,No internet service,No,Male,0,No,Yes
703,62,21.65,5577.82,Month-to-month,Electronic check,No,Yes,No internet service,Male,0,No,Yes
704,8,101.48,7344.66,One year,Bank transfer,DSL,Yes,No internet service,Female,0,Yes,Yes
705,45,55.92,3217.38,Month-to-month,Electronic check,Fiber optic,No,No,Female,0,No,No
706,18,78.04,1520.77,Month-to-month,Mailed check,No,Yes,Yes,Male,0,No,No
707,60,27.4,2352.29,Month-to-month,Mailed check,No,Yes,No,Female,0,No,No
708,60,37.5,3694.91,One year,Electronic check,DSL,No internet service,Yes,Male,0,Yes,No
709,2,108.97,2396.14,One year,Bank transfer,Fiber optic,No,Yes,Male,0,No,No
710,66,80.87,1945.27,Two year,Bank transfer,Fiber optic,Yes,No,Female,0,No,No
711,14,115.03,5914.28,Month-to-month,Mailed check,DSL,No internet service,No internet service,Female,0,Yes,No
712,48,119.88,161.97,Month-to-month,Electronic check,Fiber optic,Yes,No,Female,0,No,No
713,56,57.19,4359.92,Month-to-month,Mailed check,DSL,Yes,No internet service,Male,0,Yes,No
714,12,49.88,6370.76,Month-to-month,Mailed check,DSL,Yes,Yes,Male,0,No,No
715,55,105.84,2203.2,One year,Credit card,Fiber optic,Yes,No internet service,Female,0,Yes,No
716,28,119.86,4866.0,Month-to-month,Mailed check,Fiber optic,No,No,Male,0,Yes,Yes
717,4,82.96,5384.31,One year,Bank transfer,Fiber optic,No internet service,No internet service,Male,0,No,No
718,36,99.51,5274.7,One year,Electronic check,Fiber optic,No internet service,Yes,Male,0,No,Yes
719,50,98.17,3622.21,Month-to-month,Electronic check,DSL,Yes,Yes,Female,0,No,Yes
720,3,55.53,2837.97,Two year,Credit card,DSL,No internet service,No internet service,Female,1,No,Yes
721,1,77.43,6703.8,Month-to-month,Credit card,DSL,Yes,Yes,Female,0,No,No
722,17,103.31,6091.72,Month-to-month,Bank transfer,DSL,No internet service,Yes,Male,0,No,No
723,71,88.81,2637.92,Two year,Credit card,Fiber optic,No,No internet service,Female,0,No,Yes
724,62,22.12,913.85,Two year,Mailed check,No,No,Yes,Male,0,No,No
725,48,53.67,667.28,Month-to-month,Mailed check,DSL,No internet service,No internet service,Male,0,No,No
726,62,34.45,844.78,Month-to-month,Bank transfer,DSL,Yes,No internet service,Male,0,No,No
727,69,43.3,4704.67,Month-to-month,Electronic check,Fiber optic,Yes,Yes,Female,0,Yes,Yes
728,19,110.55,508.13,Month-to-month,Bank transfer,DSL,Yes,No internet service,Male,1,No,Yes
729,34,23.69,2761.72,Two year,Credit card,No,Yes,Yes,Female,0,Yes,No
730,49,41.98,6050.28,One year,Electronic check,Fiber optic,No,Yes,Male,1,No,No
731,47,50.96,2425.35,Month-to-month,Electronic check,DSL,Yes,Yes,Female,0,No,No
732,50,81.69,6130.13,Two year,Electronic check,DSL,Yes,No,Female,0,No,No
733,26,73.41,5989.19,Month-to-month,Credit card,Fiber optic,Yes,Yes,Female,0,Yes,No
734,56,41.83,2042.03,Month-to-month,Mailed check,DSL,Yes,No internet service,Female,0,No,Yes
735,14,36.42,5857.7,Two year,Mailed check,DSL,No,No internet service,Female,0,Yes,No
736,25,43.68,6007.44,Two year,Credit card,DSL,No internet service,No internet service,Female,0,No,No
737,4,70.25,3239.89,Two year,Credit card,Fiber optic,No internet service,No,Female,0,No,Yes
738,32,47.12,1762.32,Month-to-month,Bank transfer,Fiber optic,Yes,No,Female,0,Yes,Yes
739,65,114.76,4218.04,One year,Bank transfer,DSL,Yes,No internet service,Male,0,No,No
740,61,66.39,7379.04,Month-to-month,Mailed check,Fiber optic,No internet service,No internet service,Male,0,Yes,No
741,20,25.88,5152.97,One year,Credit card,Fiber optic,No,No,Male,1,No,No
742,10,92.93,1466.09,Two year,Bank transfer,Fiber optic,No,No internet service,Male,0,No,Yes
743,34,52.88,5493.78,Month-to-month,Credit card,DSL,No,Yes,Male,1,Yes,Yes
744,61,85.35,3474.9,Two year,Credit card,Fiber optic,No,Yes,Female,0,Yes,No
745,27,47.96,4773.08,Month-to-month,Mailed check,No,No,No internet service,Female,0,No,No
746,40,77.07,5899.11,Month-to-month,Mailed check,DSL,No,Yes,Female,0,No,No
747,65,97.22,4168.08,One year,Credit card,DSL,No,No internet service,Female,0,Yes,No
748,33,112.8,6530.47,Month-to-month,Electronic check,DSL,No,No,Female,1,Yes,No
749,68,46.11,5805.03,One year,Electronic check,DSL,No,No internet service,Male,0,No,Yes
750,71,53.49,4959.08,Month-to-month,Credit card,Fiber optic,Yes,No,Male,1,Yes,No
751,9,66.43,1291.26,Two year,Mailed check,No,No,Yes,Female,0,No,Yes
752,16,112.72,6704.0,Month-to-month,Electronic check,No,Yes,Yes,Male,0,No,Yes
753,5,110.14,7493.65,Month-to-month,Mailed check,DSL,No internet service,Yes,Male,0,Yes,Yes
754,23,28.99,1182.02,Month-to-month,Electronic check,Fiber optic,Yes,No internet service,Female,0,No,No
755,43,33.19,3957.1,Two year,Credit card,Fiber optic,No internet service,No,Female,0,No,No
756,57,69.55,2145.22,One year,Bank transfer,Fiber optic,Yes,No,Male,0,No,No
757,51,30.66,6060.73,One year,Bank transfer,Fiber optic,No internet service,Yes,Male,0,No,No
758,13,54.56,5800.87,Month-to-month,Mailed check,DSL,Yes,Yes,Female,0,No,Yes
759,24,34.84,1212.99,Month-to-month,Mailed check,Fiber optic,Yes,No,Male,0,No,No
760,11,83.6,7028.52,Month-to-month,Electronic check,Fiber optic,No internet service,No internet service,Female,0,Yes,No
761,52,114.95,1529.69,One year,Credit card,No,No,Yes,Male,1,No,Yes
762,17,119.67,6398.35,Month-to-month,Electronic check,Fiber optic,No,No internet service,Male,0,No,No
763,37,57.52,3710.14,Two year,Credit card,DSL,No,Yes,Female,0,Yes,No
764,13,79.9,2693.35,Two year,Credit card,DSL,No,Yes,Male,0,No,Yes
765,62,105.63,1350.09,Month-to-month,Mailed check,No,No,No internet service,Female,0,No,No
766,8,31.75,1424.15,Month-to-month,Bank transfer,Fiber optic,Yes,No internet service,Male,0,No,No
767,56,88.96,5328.94,One year,Bank transfer,No,No,No internet service,Male,1,Yes,Yes
768,70,60.88,4448.4,Month-to-month,Mailed check,DSL,Yes,No internet service,Female,1,No,No
769,44,40.61,1064.47,Month-to-month,Bank transfer,Fiber optic,No internet service,No,Male,1,No,No
770,60,60.28,990.31,Month-to-month,Mailed check,Fiber optic,No,No,Female,0,No,No
771,41,27.6,671.25,One year,Electronic check,No,No,Yes,Female,0,No,Yes
772,21,89.54,5975.76,One year,Credit card,DSL,No,Yes,Male,1,No,No
773,42,45.27,5723.87,Month-to-month,Bank transfer,DSL,No,Yes,Female,0,No,No
774,29,51.14,561.6,Month-to-month,Bank transfer,Fiber optic,Yes,No,Female,1,Yes,No
775,65,32.11,4526.13,Month-to-month,Electronic check,No,Yes,No internet service,Female,0,No,No
776,17,106.47,768.94,One year,Electronic check,No,Yes,Yes,Male,0,Yes,No
777,30,69.34,7239.59,Month-to-month,Bank transfer,No,No internet service,No,Female,0,No,No
778,26,77.21,7266.23,Month-to-month,Bank transfer,No,Yes,Yes,Female,0,No,No
779,53,76.94,5616.04,Two year,Mailed check,DSL,No,No,Male,0,Yes,No
780,19,61.05,7416.89,Two year,Mailed check,DSL,No internet service,No internet service,Female,0,No,No
781,53,39.25,6510.48,Two year,Bank transfer,DSL,No internet service,No,Female,0,No,No
782,17,94.51,6645.45,Two year,Mailed check,Fiber optic,No,No internet service,Female,0,Yes,No
783,46,32.71,4600.69,Month-to-month,Electronic check,No,No,Yes,Male,0,Yes,No
784,53,30.39,2517.87,Month-to-month,Credit card,No,No,No internet service,Male,0,Yes,Yes
785,64,91.01,1820.61,Month-to-month,Mailed check,DSL,No,No,Male,0,Yes,No
786,45,40.88,2684.88,Month-to-month,Credit card,Fiber optic,Yes,Yes,Male,0,No,Yes
787,49,50.68,5065.11,Two year,Mailed check,No,No internet service,Yes,Male,0,No,No
788,19,67.52,1463.99,One year,Bank transfer,Fiber optic,No,No,Male,1,Yes,Yes
789,71,64.94,2143.26,One year,Mailed check,DSL,Yes,No internet service,Female,0,No,No
790,65,90.86,3797.68,Month-to-month,Credit card,Fiber optic,No,No,Male,0,No,No
791,37,82.34,1941.1,Two year,Credit card,Fiber optic,Yes,No internet service,Male,0,No,No
792,70,84.44,4750.28,Two year,Bank transfer,Fiber optic,No,No internet service,Male,0,Yes,No
793,26,91.41,7393.09,Month-to-month,Credit card,Fiber optic,No,Yes,Male,0,No,Yes
794,2,49.26,6009.91,Two year,Bank transfer,DSL,No,No internet service,Female,1,No,No
795,59,52.23,5364.77,Month-to-month,Bank transfer,No,Yes,Yes,Female,0,No,No
796,5,63.8,4703.5,Month-to-month,Credit card,Fiber optic,No,No,Male,0,No,No
797,37,50.75,3954.79,One year,Electronic check,Fiber optic,Yes,No,Female,0,Yes,Yes
798,31,118.49,1573.85,One year,Credit card,No,Yes,Yes,Male,1,No,No
799,48,101.41,7168.21,Month-to-month,Credit card,DSL,No internet service,Yes,Female,0,No,No
800,6,36.47,2063.43,Month-to-month,Mailed check,DSL,Yes,No internet service,Male,0,No,Yes
801,15,20.56,821.34,Two year,Credit card,No,Yes,Yes,Male,1,No,Yes
802,15,24.28,6025.12,One year,Mailed check,DSL,Yes,No,Male,1,No,Yes
803,61,44.41,1487.36,One year,Mailed check,No,Yes,Yes,Male,0,No,No
804,16,31.43,3037.98,Month-to-month,Credit card,DSL,Yes,Yes,Female,0,No,No
805,20,73.33,323.45,Month-to-month,Bank transfer,DSL,No internet service,Yes,Male,0,Yes,No
806,44,105.8,1182.84,Month-to-month,Electronic check,Fiber optic,No,No internet service,Female,0,No,No
807,42,93.68,1468.31,Month-to-month,Credit card,DSL,No internet service,Yes,Female,1,No,No
808,46,41.56,529.84,Month-to-month,Credit card,Fiber optic,No internet service,No internet service,Female,0,No,No
809,34,59.93,5287.59,Month-to-month,Bank transfer,Fiber optic,No,No internet service,Male,0,No,No
810,64,70.79,6712.36,One year,Mailed check,No,Yes,Yes,Female,1,No,Yes
811,29,101.02,3049.19,Month-to-month,Bank transfer,No,No,No internet service,Female,0,No,Yes
812,3,103.91,7009.15,Two year,Bank transfer,DSL,Yes,Yes,Female,0,No,No
813,9,110.97,1785.44,Month-to-month,Mailed check,No,No,No,Male,0,Yes,No
814,25,70.92,2670.58,Month-to-month,Credit card,Fiber optic,No internet service,No,Female,0,Yes,No
815,42,89.43,1290.82,Month-to-month,Bank transfer,Fiber optic,Yes,No internet service,Male,1,Yes,No
816,46,31.18,5002.42,Month-to-month,Bank transfer,No,No internet service,No,Female,0,No,No
817,59,76.53,3416.97,Month-to-month,Credit card,Fiber optic,Yes,Yes,Female,1,Yes,Yes
818,21,44.87,4944.94,Two year,Credit card,Fiber optic,No,No internet service,Male,1,No,No
819,22,63.17,6117.23,Two year,Electronic check,Fiber optic,No,Yes,Male,1,Yes,Yes
820,29,83.41,4411.05,Month-to-month,Bank transfer,DSL,No,No internet service,Female,0,No,No
821,63,45.7,5058.28,Month-to-month,Electronic check,DSL,No,No internet service,Male,0,No,Yes
822,61,25.22,7488.48,One year,Mailed check,Fiber optic,No,No internet service,Female,0,No,No
823,64,21.02,2462.61,One year,Credit card,DSL,No internet service,No internet service,Female,0,No,No
824,69,22.22,2937.4,Month-to-month,Credit card,DSL,No internet service,No,Male,0,No,Yes
825,40,20.83,5769.86,One year,Electronic check,DSL,Yes,No,Male,0,No,No
826,1,31.04,4929.31,Two year,Bank transfer,Fiber optic,No internet service,No,Male,0,No,No
827,65,43.95,1510.41,One year,Mailed check,Fiber optic,Yes,No internet service,Female,0,No,No
828,62,42.12,3071.56,Two year,Bank transfer,Fiber optic,Yes,No,Female,1,No,No
829,54,118.68,3795.92,Two year,Bank transfer,Fiber optic,No internet service,No internet service,Female,0,No,No
830,60,50.6,3413.18,Two year,Electronic check,Fiber optic,No internet service,No,Male,0,No,No
831,46,32.74,1508.37,Month-to-month,Bank transfer,Fiber optic,Yes,No internet service,Male,0,No,No
832,5,74.56,7403.0,One year,Electronic check,Fiber optic,No internet service,No,Male,0,Yes,No
833,22,105.8,6122.32,Two year,Credit card,Fiber optic,No internet service,No,Female,0,Yes,No
834,53,87.81,3902.71,One year,Credit card,No,No internet service,No,Male,0,No,No
835,70,49.61,5472.48,Two year,Credit card,No,No,No internet service,Male,1,No,No
836,32,76.16,7188.53,Month-to-month,Mailed check,No,No,No internet service,Female,0,No,Yes
837,11,91.49,1175.78,Month-to-month,Mailed check,No,Yes,No,Male,1,No,No
838,10,92.81,2077.95,Month-to-month,Bank transfer,Fiber optic,No internet service,No internet service,Male,1,No,No
839,39,86.65,4387.34,Month-to-month,Electronic check,Fiber optic,Yes,Yes,Female,0,No,Yes
840,31,107.08,6412.18,Month-to-month,Bank transfer,Fiber optic,No internet service,No,Female,0,No,No
841,12,107.01,386.41,One year,Credit card,Fiber optic,No,No,Female,0,No,Yes
842,38,77.89,7873.74,Month-to-month,Bank transfer,No,No internet service,Yes,Female,1,No,No
843,67,62.99,3693.76,One year,Bank transfer,Fiber optic,No internet service,No internet service,Female,0,Yes,No
844,66,84.16,2937.93,One year,Bank transfer,No,No internet service,No internet service,Female,0,Yes,No
845,52,101.82,2412.52,Month-to-month,Credit card,Fiber optic,No,No internet service,Male,0,No,No
846,5,20.57,1477.42,Month-to-month,Electronic check,No,No,No,Male,0,No,No
847,11,119.2,6353.43,One year,Bank transfer,Fiber optic,No,No,Female,0,No,Yes
848,25,38.29,7647.77,One year,Credit card,Fiber optic,Yes,No,Female,1,No,No
849,35,67.02,3367.79,Two year,Mailed check,DSL,No internet service,No,Male,0,No,No
850,35,107.2,7624.12,Two year,Electronic check,No,No,No,Female,0,No,No
851,22,42.5,6608.0,Two year,Credit card,No,Yes,No internet service,Female,0,Yes,No
852,37,67.68,3900.3,One year,Bank transfer,DSL,No,Yes,Male,0,No,No
853,55,33.26,5424.81,Two year,Credit card,Fiber optic,No internet service,No internet service,Male,0,No,No
854,72,59.51,3536.38,Two year,Electronic check,Fiber optic,Yes,No internet service,Female,0,Yes,No
855,64,37.71,4513.91,Two year,Bank transfer,No,No,No,Female,0,No,No
856,20,56.36,558.57,Month-to-month,Mailed check,Fiber optic,No,Yes,Male,0,No,Yes
857,4,57.35,5600.48,Two year,Mailed check,DSL,Yes,Yes,Female,0,No,No
858,18,119.32,517.31,Month-to-month,Mailed check,Fiber optic,Yes,No internet service,Male,0,No,No
859,51,119.48,6554.97,Two year,Credit card,Fiber optic,Yes,Yes,Male,0,No,No
860,68,31.48,6617.08,Month-to-month,Electronic check,DSL,Yes,No internet service,Female,0,No,No
861,20,92.6,1972.91,Month-to-month,Mailed check,Fiber optic,Yes,No internet service,Male,0,No,No
862,9,25.17,2656.94,Month-to-month,Bank transfer,No,No,No internet service,Male,1,Yes,No
863,26,23.02,3902.35,Month-to-month,Bank transfer,No,Yes,No internet service,Male,1,No,No
864,25,30.53,4813.64,Month-to-month,Bank transfer,DSL,Yes,No,Female,0,No,No
865,68,116.55,2370.09,Two year,Credit card,No,No internet service,Yes,Female,0,No,No
866,41,114.09,4780.64,Month-to-month,Electronic check,Fiber optic,No,No,Female,0,No,No
867,59,39.39,2452.52,Month-to-month,Electronic check,DSL,No internet service,No,Male,0,No,No
868,45,36.17,538.38,Month-to-month,Mailed check,DSL,No,No,Male,0,Yes,No
869,41,44.05,119.97,One year,Electronic check,DSL,No,No internet service,Female,0,No,Yes
870,38,71.55,899.09,Month-to-month,Bank transfer,No,No,No internet service,Male,0,No,No
871,19,76.97,6358.78,Month-to-month,Bank transfer,DSL,Yes,No,Male,0,No,Yes
872,14,42.16,7695.31,Month-to-month,Credit card,DSL,No internet service,No,Female,0,No,Yes
873,21,95.66,3473.03,One year,Bank transfer,Fiber optic,No,Yes,Male,0,No,No
874,15,50.96,4150.2,Month-to-month,Electronic check,Fiber optic,No,No,Male,0,No,No
875,3,112.21,1260.1,Month-to-month,Bank transfer,No,No,No internet service,Male,0,No,Yes
876,37,85.67,4453.15,Month-to-month,Mailed check,Fiber optic,No internet service,No,Male,1,No,No
877,46,63.64,1242.77,Two year,Credit card,DSL,No,Yes,Male,0,No,No
878,16,98.99,4928.59,Month-to-month,Credit card,No,No internet service,Yes,Male,0,No,No
879,14,101.79,7472.74,One year,Electronic check,DSL,No internet service,No,Female,1,No,Yes
880,9,49.05,1646.02,Month-to-month,Bank transfer,Fiber optic,Yes,Yes,Female,0,Yes,No
881,7,53.97,6140.05,Month-to-month,Bank transfer,Fiber optic,No,Yes,Male,0,No,No
882,14,113.6,285.67,Month-to-month,Electronic check,DSL,No,No internet service,Female,1,Yes,No
883,6,36.47,3066.43,Month-to-month,Electronic check,No,No internet service,Yes,Female,0,Yes,No
884,15,24.22,974.91,Month-to-month,Mailed check,Fiber optic,No internet service,Yes,Female,0,No,No
885,52,65.41,2884.56,Month-to-month,Electronic check,DSL,Yes,No,Male,0,Yes,No
886,72,100.12,1470.94,Month-to-month,Bank transfer,No,No,No internet service,Female,0,No,No
887,34,97.17,3049.11,One year,Mailed check,Fiber optic,No internet service,Yes,Male,0,Yes,No
888,1,111.95,3398.43,Two year,Credit card,Fiber optic,No,No,Female,0,No,No
889,69,73.32,2474.67,Month-to-month,Bank transfer,Fiber optic,No,No,Female,0,Yes,No
890,20,30.01,5287.31,One year,Credit card,No,No,No,Male,1,Yes,No
891,7,78.87,7358.93,Two year,Credit card,DSL,No internet service,No,Female,1,No,No
892,7,97.84,3264.7,Two year,Credit card,DSL,No,No,Male,0,No,No
893,50,29.33,1619.51,Month-to-month,Bank transfer,Fiber optic,No internet service,No,Female,0,No,Yes
894,2,37.27,2238.71,One year,Credit card,DSL,Yes,Yes,Female,0,Yes,No
895,47,21.23,6846.61,Month-to-month,Bank transfer,Fiber optic,Yes,No internet service,Female,0,No,No
896,14,79.37,4615.95,Month-to-month,Credit card,Fiber optic,No internet service,No internet service,Female,0,No,No
897,31,108.67,3694.59,Month-to-month,Electronic check,DSL,No,No,Male,0,Yes,No
898,50,87.07,1282.13,Month-to-month,Electronic check,DSL,Yes,No,Male,0,No,Yes
899,61,118.2,3652.85,Month-to-month,Bank transfer,Fiber optic,Yes,No internet service,Female,0,No,No
900,41,26.3,2300.09,Month-to-month,Credit card,No,No internet service,Yes,Male,0,No,No
901,14,110.3,7550.99,One year,Credit card,Fiber optic,No internet service,No,Female,0,No,Yes
902,5,101.41,7084.15,Month-to-month,Credit card,Fiber optic,No internet service,No internet service,Male,0,No,Yes
903,5,51.42,762.83,Month-to-month,Electronic check,DSL,No internet service,No internet service,Male,0,No,No
904,64,117.35,4181.56,Month-to-month,Credit card,Fiber optic,No internet service,No,Male,0,No,No
905,29,48.79,1877.96,Month-to-month,Credit card,DSL,No internet service,No internet service,Female,1,No,No
906,5,108.93,3345.14,One year,Bank transfer,Fiber optic,No internet service,Yes,Male,0,No,No
907,36,108.07,7027.1,Two year,Credit card,Fiber optic,No,No internet service,Male,0,No,No
908,19,95.77,4267.36,Month-to-month,Electronic check,No,No,No,Female,1,No,No
909,64,76.35,2740.3,Month-to-month,Credit card,Fiber optic,No,No,Female,0,No,No
910,22,32.0,1742.32,Two year,Electronic check,Fiber optic,No,No internet service,Female,0,No,No
911,34,73.2,6422.57,Month-to-month,Electronic check,Fiber optic,Yes,No internet service,Male,0,Yes,No
912,56,55.68,5033.69,Two year,Mailed check,No,No,No,Male,0,No,Yes
913,17,99.22,3797.72,Month-to-month,Electronic check,Fiber optic,Yes,Yes,Male,0,No,No
914,56,95.81,1818.13,Month-to-month,Mailed check,DSL,Yes,No internet service,Male,0,No,No
915,17,111.06,2740.55,Month-to-month,Mailed check,No,Yes,Yes,Male,0,No,No
916,18,21.48,7682.76,Month-to-month,Credit card,DSL,No internet service,Yes,Male,0,No,Yes
917,45,100.91,4208.71,Month-to-month,Mailed check,DSL,Yes,No,Female,0,No,No
918,56,113.85,3265.52,Two year,Bank transfer,DSL,Yes,No,Male,1,No,Yes
919,50,98.93,4219.23,One year,Electronic check,No,Yes,No,Male,0,No,No
920,58,33.02,6254.01,One year,Bank transfer,DSL,No internet service,Yes,Male,0,No,No
921,18,28.13,2786.86,Two year,Mailed check,No,No,No,Female,0,Yes,No
922,7,22.08,1511.78,Month-to-month,Credit card,Fiber optic,No,No,Male,0,No,Yes
923,10,82.87,4721.0,One year,Electronic check,DSL,Yes,Yes,Female,1,No,No
924,69,82.97,5355.11,Month-to-month,Bank transfer,Fiber optic,Yes,Yes,Male,0,No,No
925,3,118.69,5730.47,One year,Credit card,DSL,No,Yes,Female,0,No,No
926,44,59.8,7067.7,Month-to-month,Mailed check,Fiber optic,No,Yes,Female,0,Yes,No
927,70,53.19,3032.28,One year,Credit card,Fiber optic,No,No internet service,Female,0,No,No
928,14,82.44,695.3,Two year,Bank transfer,Fiber optic,No,No,Male,0,No,No
929,4,102.56,7670.95,Month-to-month,Credit card,DSL,Yes,No internet service,Female,0,No,No
930,18,113.68,3536.59,Month-to-month,Bank transfer,Fiber optic,Yes,Yes,Male,0,Yes,No
931,52,100.31,5023.73,Month-to-month,Credit card,No,Yes,Yes,Female,0,No,Yes
932,38,62.67,5363.81,Month-to-month,Electronic check,Fiber optic,No,Yes,Male,0,Yes,No
933,20,83.49,4417.46,One year,Credit card,No,No internet service,Yes,Female,0,No,No
934,44,105.63,1721.53,Two year,Electronic check,DSL,No,Yes,Female,0,No,No
935,51,69.06,6065.63,Month-to-month,Bank transfer,No,No,No,Male,0,Yes,Yes
936,19,41.67,6449.64,Month-to-month,Electronic check,DSL,No internet service,No internet service,Female,0,No,No
937,68,36.97,4468.51,One year,Credit card,DSL,No internet service,No internet service,Male,0,No,No
938,66,20.02,3959.63,Month-to-month,Electronic check,No,No,No,Female,0,No,No
939,13,91.82,1000.11,Month-to-month,Bank transfer,No,No internet service,No,Female,0,No,No
940,62,31.11,763.22,Two year,Credit card,Fiber optic,No internet service,No,Male,0,No,No
941,61,44.38,2782.56,One year,Electronic check,DSL,No internet service,No internet service,Male,0,No,Yes
942,30,49.79,2555.68,Month-to-month,Electronic check,DSL,No,No internet service,Male,0,No,No
943,30,76.04,7633.89,Month-to-month,Mailed check,Fiber optic,No,Yes,Female,0,No,No
944,51,59.8,6290.62,One year,Electronic check,No,No internet service,No internet service,Male,0,No,Yes
945,48,87.47,5313.4,One year,Mailed check,DSL,Yes,No internet service,Male,0,Yes,Yes
946,33,25.56,4189.42,Two year,Bank transfer,No,No internet service,No,Female,0,No,No
947,19,32.39,1422.2,Month-to-month,Mailed check,DSL,No internet service,No internet service,Male,0,No,Yes
948,71,69.92,7829.81,Two year,Bank transfer,No,No,Yes,Male,0,No,No
949,57,53.7,3062.82,One year,Electronic check,No,Yes,No internet service,Female,0,Yes,No
950,19,49.58,944.71,One year,Electronic check,Fiber optic,No internet service,No,Female,0,No,No
951,41,26.7,4001.01,One year,Mailed check,Fiber optic,Yes,No,Female,0,Yes,Yes
952,42,109.57,7004.58,Month-to-month,Bank transfer,No,No,Yes,Female,0,No,No
953,52,89.18,7109.6,Two year,Electronic check,Fiber optic,Yes,Yes,Female,0,No,Yes
954,4,32.16,186.63,Month-to-month,Mailed check,Fiber optic,No,No internet service,Male,0,No,No
955,4,26.5,7101.74,Month-to-month,Mailed check,Fiber optic,No internet service,Yes,Female,0,No,Yes
956,5,117.49,2244.73,Two year,Mailed check,DSL,No,Yes,Female,1,No,No
957,41,88.12,407.88,One year,Electronic check,No,Yes,No,Female,0,No,No
958,61,61.75,6797.54,Two year,Bank transfer,DSL,Yes,No,Male,0,Yes,No
959,55,90.17,6924.55,Month-to-month,Electronic check,No,Yes,No internet service,Male,0,No,No
960,13,95.63,4810.23,Month-to-month,Credit card,DSL,No internet service,No internet service,Male,0,No,No
961,14,98.0,4638.03,Two year,Credit card,Fiber optic,Yes,No internet service,Male,0,No,No
962,60,67.79,6523.65,Month-to-month,Electronic check,DSL,Yes,No internet service,Female,1,No,No
963,72,62.99,6311.85,Two year,Bank transfer,DSL,Yes,No,Female,0,No,No
964,25,21.1,7131.83,Month-to-month,Mailed check,DSL,No,No internet service,Female,1,No,No
965,44,112.66,4466.7,Two year,Credit card,Fiber optic,Yes,No internet service,Male,0,Yes,Yes
966,10,80.33,7744.41,Month-to-month,Credit card,Fiber optic,No,Yes,Female,0,No,Yes
967,71,40.32,7969.56,One year,Electronic check,No,Yes,No internet service,Male,0,Yes,No
968,50,111.96,1020.7,Two year,Credit card,DSL,No,Yes,Male,1,No,No
969,44,111.49,6811.4,Month-to-month,Credit card,Fiber optic,No,No,Male,0,No,Yes
970,14,118.92,4048.6,One year,Mailed check,Fiber optic,No internet service,No internet service,Female,0,No,No
971,15,107.41,3161.77,Two year,Mailed check,DSL,No internet service,Yes,Female,0,No,No
972,16,119.78,4943.27,One year,Bank transfer,Fiber optic,No,No internet service,Female,0,No,Yes
973,2,44.47,542.13,Two year,Credit card,Fiber optic,No,Yes,Female,0,No,Yes
974,30,104.22,4101.04,Month-to-month,Bank transfer,Fiber optic,No internet service,No internet service,Male,0,No,No
975,30,102.3,6980.04,Month-to-month,Bank transfer,DSL,No,No,Female,1,No,No
976,31,43.09,1786.35,Month-to-month,Mailed check,Fiber optic,No internet service,No,Male,0,Yes,Yes
977,20,29.84,3468.48,Month-to-month,Mailed check,DSL,No internet service,Yes,Male,0,Yes,No
978,49,117.94,7521.9,Month-to-month,Electronic check,Fiber optic,Yes,Yes,Male,0,No,No
979,35,49.6,3485.65,One year,Mailed check,No,Yes,No,Male,0,No,No
980,23,107.09,2931.1,Month-to-month,Bank transfer,Fiber optic,No internet service,No internet service,Male,1,No,Yes
981,61,20.41,3580.24,Month-to-month,Credit card,Fiber optic,No internet service,Yes,Male,0,No,No
982,55,22.1,4203.68,Month-to-month,Bank transfer,DSL,No,No,Male,0,Yes,No
983,67,66.59,5092.73,Two year,Bank transfer,No,No internet service,Yes,Female,0,No,No
984,8,43.87,6425.47,One year,Bank transfer,DSL,No internet service,No,Female,0,No,No
985,40,88.98,3671.61,Month-to-month,Mailed check,Fiber optic,Yes,No,Male,1,No,No
986,59,76.56,6558.1,Two year,Bank transfer,No,No internet service,Yes,Female,0,No,No
987,32,27.75,4316.39,Month-to-month,Electronic check,Fiber optic,No,Yes,Female,0,No,No
988,7,36.26,2774.0,Two year,Credit card,Fiber optic,No internet service,No,Female,0,No,No
989,2,58.8,5297.81,One year,Mailed check,Fiber optic,Yes,No internet service,Female,0,Yes,No
990,6,38.56,5770.01,Month-to-month,Bank transfer,DSL,Yes,No,Male,0,No,No
991,36,99.22,4508.59,One year,Electronic check,No,Yes,No internet service,Female,0,Yes,No
992,32,61.61,547.26,One year,Credit card,DSL,Yes,No internet service,Male,1,Yes,No
993,45,29.34,1442.07,Month-to-month,Bank transfer,Fiber optic,No internet service,No internet service,Male,1,Yes,Yes
994,42,68.43,2353.85,Two year,Credit card,DSL,No,Yes,Female,0,Yes,Yes
995,53,29.08,2332.74,Month-to-month,Mailed check,No,No,No,Female,0,No,No
996,9,32.89,5420.02,Month-to-month,Mailed check,DSL,No,No,Male,0,Yes,No
997,49,43.96,244.95,Month-to-month,Electronic check,Fiber optic,No internet service,No internet service,Male,0,Yes,Yes
998,2,105.95,6069.89,Month-to-month,Mailed check,Fiber optic,No internet service,No internet service,Female,0,No,No
999,67,112.46,2196.21,Month-to-month,Electronic check,Fiber optic,No internet service,No internet service,Female,0,No,Yes
1000,11,102.63,2549.17,Two year,Bank transfer,Fiber optic,No,No,Male,0,No,No
