PassengerId,Survived,Pclass,Name,Sex,Age,SibSp,Parch,Fare,Embarked,Cabin
1,0,3,Passenger_1,male,37.0,0,0,58.02,S,
2,1,2,Passenger_2,female,28.1,0,3,3.0,C,
3,0,3,Passenger_3,male,39.1,0,1,3.0,C,
4,1,1,Passenger_4,male,51.3,1,0,9.6,S,C4
5,0,3,Passenger_5,male,,0,0,6.69,S,
6,0,3,Passenger_6,male,26.7,0,1,7.91,,
7,0,2,Passenger_7,male,52.1,0,0,47.98,S,C7
8,0,2,Passenger_8,female,,0,0,24.84,S,C8
9,0,3,Passenger_9,female,23.4,1,0,3.0,S,
10,0,3,Passenger_10,female,,1,0,16.83,S,
11,1,2,Passenger_11,female,23.5,0,2,15.72,Q,
12,1,3,Passenger_12,female,23.5,0,0,3.63,C,C12
13,1,1,Passenger_13,male,,1,0,33.82,S,
14,0,1,Passenger_14,female,3.2,0,0,36.33,S,C14
15,0,3,Passenger_15,female,5.9,0,1,38.28,S,
16,0,3,Passenger_16,female,22.1,0,1,39.11,S,
17,1,3,Passenger_17,male,,0,0,3.0,S,
18,1,1,Passenger_18,male,34.4,0,0,92.32,S,
19,0,3,Passenger_19,female,17.3,3,0,50.49,S,
20,0,2,Passenger_20,female,10.2,0,1,70.3,C,
21,0,2,Passenger_21,female,50.5,0,1,3.0,S,
22,0,3,Passenger_22,male,26.8,0,0,81.48,S,C22
23,0,1,Passenger_23,male,30.9,0,0,49.79,C,
24,1,3,Passenger_24,male,10.1,0,0,54.46,S,
25,1,3,Passenger_25,female,22.4,1,0,3.0,S,
26,0,1,Passenger_26,male,,0,0,40.27,S,
27,0,1,Passenger_27,male,13.9,0,0,96.5,S,
28,1,1,Passenger_28,female,35.3,0,0,34.05,C,
29,0,1,Passenger_29,male,21.6,0,0,25.36,S,C29
30,0,3,Passenger_30,female,25.9,0,0,87.36,S,
31,0,3,Passenger_31,male,21.6,1,0,17.55,C,
32,0,1,Passenger_32,female,55.9,0,0,27.44,C,
33,0,1,Passenger_33,male,,1,0,19.41,C,
34,1,3,Passenger_34,female,15.2,0,0,81.02,S,
35,0,3,Passenger_35,female,41.5,0,0,3.0,S,C35
36,0,2,Passenger_36,male,,0,0,20.86,Q,C36
37,1,2,Passenger_37,male,32.9,0,1,34.84,C,
38,0,3,Passenger_38,male,2.6,0,0,47.09,S,
39,1,2,Passenger_39,female,,0,1,26.24,S,
40,1,1,Passenger_40,female,32.8,0,0,71.88,S,
41,0,3,Passenger_41,male,40.3,0,0,85.41,C,
42,1,3,Passenger_42,male,32.4,0,0,3.0,,
43,0,3,Passenger_43,male,,0,0,15.44,S,
44,1,3,Passenger_44,female,25.8,0,0,3.0,,
45,0,3,Passenger_45,female,9.3,0,0,11.99,S,
46,1,1,Passenger_46,male,19.9,0,1,23.09,C,
47,1,2,Passenger_47,male,23.6,1,0,72.5,S,
48,0,1,Passenger_48,male,,0,2,56.23,C,
49,0,1,Passenger_49,male,34.8,0,1,4.09,Q,C49
50,1,3,Passenger_50,male,,0,0,3.0,S,
51,1,3,Passenger_51,male,,0,0,26.69,S,
52,0,3,Passenger_52,male,24.6,0,0,22.79,S,
53,1,3,Passenger_53,male,20.5,0,1,9.29,,C53
54,0,1,Passenger_54,male,38.6,0,0,68.91,S,
55,0,1,Passenger_55,male,44.4,0,1,78.67,S,
56,0,3,Passenger_56,male,43.0,0,0,15.46,C,
57,0,3,Passenger_57,female,18.3,1,2,66.3,S,
58,1,3,Passenger_58,female,25.7,0,0,14.53,Q,C58
59,0,3,Passenger_59,male,34.6,0,0,40.05,S,
60,1,3,Passenger_60,male,43.7,0,1,19.38,S,C60
61,0,3,Passenger_61,female,,0,1,3.92,S,C61
62,0,1,Passenger_62,female,27.4,0,0,78.91,C,C62
63,0,3,Passenger_63,male,14.5,0,0,18.16,S,
64,0,3,Passenger_64,male,13.3,0,0,39.78,C,
65,0,2,Passenger_65,male,,0,2,13.73,C,
66,0,3,Passenger_66,male,49.0,1,0,3.0,S,
67,0,2,Passenger_67,male,29.0,4,1,3.18,Q,
68,0,3,Passenger_68,male,44.0,0,0,20.57,S,
69,0,1,Passenger_69,female,35.1,0,0,35.13,S,
70,0,3,Passenger_70,male,,0,0,12.23,S,
71,1,1,Passenger_71,male,35.1,0,1,35.67,C,C71
72,1,3,Passenger_72,male,51.5,0,0,35.98,S,
73,0,1,Passenger_73,male,29.5,0,1,36.52,S,C73
74,0,1,Passenger_74,male,51.9,2,0,20.35,,
75,0,3,Passenger_75,male,1.0,0,0,73.91,S,C75
76,1,3,Passenger_76,female,41.5,0,0,20.15,,
77,0,1,Passenger_77,male,31.2,0,0,17.95,C,
78,0,1,Passenger_78,female,25.8,1,0,6.67,C,C78
79,0,3,Passenger_79,female,31.3,0,0,11.03,S,
80,0,3,Passenger_80,male,2.2,0,0,3.0,Q,C80
81,0,3,Passenger_81,male,26.9,0,1,30.12,S,
82,1,1,Passenger_82,male,,1,0,8.57,Q,
83,0,3,Passenger_83,female,50.7,0,0,10.88,S,
84,1,1,Passenger_84,female,22.7,1,0,44.2,S,
85,0,1,Passenger_85,female,18.7,0,0,11.89,,
86,0,3,Passenger_86,male,23.0,0,1,8.32,C,
87,1,3,Passenger_87,female,42.8,0,0,5.56,S,
88,0,3,Passenger_88,male,,0,1,44.73,S,
89,1,2,Passenger_89,male,22.6,0,0,4.17,S,C89
90,0,2,Passenger_90,male,37.2,1,0,18.14,S,C90
91,0,2,Passenger_91,male,31.4,0,0,21.21,,
92,1,3,Passenger_92,female,43.6,0,0,34.88,S,
93,0,2,Passenger_93,male,20.2,0,0,30.09,C,
94,1,2,Passenger_94,male,25.4,0,0,49.94,S,
95,0,2,Passenger_95,male,,0,0,3.0,C,C95
96,1,3,Passenger_96,female,,0,0,10.55,S,C96
97,0,2,Passenger_97,female,34.1,0,0,9.86,C,
98,0,3,Passenger_98,male,33.7,0,0,4.74,C,C98
99,1,2,Passenger_99,male,30.1,3,0,10.24,S,
100,1,3,Passenger_100,male,26.7,0,0,11.12,S,C100
101,1,1,Passenger_101,female,,1,0,22.14,S,
102,1,3,Passenger_102,male,,0,0,32.69,S,
103,1,3,Passenger_103,male,25.2,0,0,14.39,C,
104,0,1,Passenger_104,male,18.8,0,1,38.13,S,
105,0,3,Passenger_105,male,27.7,0,0,12.29,,
106,0,3,Passenger_106,female,35.7,1,0,10.29,S,C106
107,0,3,Passenger_107,male,,0,3,23.37,C,
108,0,3,Passenger_108,male,32.4,0,0,3.0,S,
109,0,2,Passenger_109,male,33.6,1,0,3.0,S,
110,0,1,Passenger_110,male,29.0,0,0,16.24,S,
111,1,2,Passenger_111,female,3.1,0,0,85.9,C,
112,0,1,Passenger_112,male,29.6,0,0,38.35,S,
113,0,1,Passenger_113,female,,1,2,3.0,S,
114,0,1,Passenger_114,female,,0,0,56.19,S,
115,1,2,Passenger_115,male,27.3,0,1,39.54,S,
116,1,3,Passenger_116,male,34.2,0,0,28.32,S,
117,1,1,Passenger_117,male,29.5,2,0,51.49,C,C117
118,0,1,Passenger_118,female,13.6,0,0,15.53,S,
119,0,3,Passenger_119,male,46.0,0,1,7.51,S,
120,0,1,Passenger_120,male,40.5,0,2,21.52,S,
121,0,1,Passenger_121,male,41.1,2,0,23.88,C,
122,0,1,Passenger_122,female,,1,2,23.19,S,
123,0,3,Passenger_123,male,49.6,4,0,24.98,Q,
124,0,3,Passenger_124,male,,0,0,89.1,S,
125,1,2,Passenger_125,male,38.2,0,0,69.76,S,
126,1,3,Passenger_126,male,60.7,0,0,62.56,S,
127,0,3,Passenger_127,female,,1,0,48.5,S,C127
128,0,3,Passenger_128,male,22.1,0,0,86.17,S,C128
129,0,3,Passenger_129,female,31.4,0,0,3.11,S,
130,0,3,Passenger_130,female,23.0,1,0,9.24,S,
131,1,2,Passenger_131,male,8.3,0,0,20.5,C,C131
132,0,1,Passenger_132,female,,0,3,56.23,S,C132
133,1,3,Passenger_133,male,15.1,0,0,21.11,,
134,0,3,Passenger_134,male,36.6,0,0,41.35,S,
135,1,3,Passenger_135,female,,1,0,4.49,S,
136,0,3,Passenger_136,male,51.7,0,0,8.73,S,
137,1,3,Passenger_137,male,,0,1,39.48,S,
138,0,1,Passenger_138,male,,0,0,5.4,S,
139,1,3,Passenger_139,female,41.4,0,1,12.99,S,
140,0,3,Passenger_140,male,,0,0,9.23,S,
141,0,3,Passenger_141,male,33.2,0,0,12.92,S,C141
142,1,3,Passenger_142,male,48.3,0,0,36.96,S,
143,1,3,Passenger_143,female,7.5,0,0,13.76,Q,
144,1,2,Passenger_144,female,32.6,0,0,24.31,C,
145,1,3,Passenger_145,male,,0,0,3.16,C,
146,1,1,Passenger_146,female,,1,0,49.05,C,C146
147,0,3,Passenger_147,male,12.7,1,0,13.86,S,
148,0,3,Passenger_148,male,11.5,1,3,31.37,S,
149,0,2,Passenger_149,female,,0,0,38.77,C,
150,1,3,Passenger_150,female,34.2,0,0,7.06,S,
151,0,2,Passenger_151,female,,0,0,64.8,S,C151
152,0,2,Passenger_152,female,34.9,0,0,28.73,S,
153,0,2,Passenger_153,male,20.5,0,0,16.8,S,
154,1,3,Passenger_154,female,33.3,0,1,6.04,,
155,0,3,Passenger_155,male,34.1,3,2,85.58,C,
156,0,3,Passenger_156,male,20.0,0,0,42.2,S,C156
157,0,1,Passenger_157,male,56.1,0,0,7.0,S,C157
158,0,3,Passenger_158,male,36.6,1,0,12.36,Q,
159,0,3,Passenger_159,male,,0,0,49.77,S,
160,1,2,Passenger_160,male,39.2,1,0,35.69,S,C160
161,0,1,Passenger_161,male,16.4,1,0,43.55,S,C161
162,1,2,Passenger_162,male,41.0,2,0,17.46,C,
163,0,3,Passenger_163,male,46.2,0,0,37.81,Q,
164,1,3,Passenger_164,male,18.5,0,0,14.66,S,
165,0,3,Passenger_165,male,43.5,0,0,7.12,,C165
166,0,2,Passenger_166,female,35.8,0,0,30.05,S,
167,1,3,Passenger_167,female,,0,0,111.91,Q,
168,0,1,Passenger_168,female,,0,1,11.16,C,
169,0,2,Passenger_169,male,26.6,0,0,18.54,C,
170,1,3,Passenger_170,female,,0,1,33.63,S,
171,0,1,Passenger_171,male,17.5,1,0,23.39,Q,
172,1,3,Passenger_172,male,18.6,1,0,55.63,C,
173,0,1,Passenger_173,male,28.9,0,0,43.03,S,
174,1,3,Passenger_174,female,34.8,0,0,3.0,,
175,0,2,Passenger_175,male,,1,2,193.53,S,
176,0,3,Passenger_176,male,41.6,0,0,41.88,C,
177,0,1,Passenger_177,male,30.2,1,0,59.83,S,C177
178,0,1,Passenger_178,female,50.3,2,0,31.6,S,
179,0,3,Passenger_179,male,26.3,0,2,58.2,S,
180,0,2,Passenger_180,male,68.1,1,0,3.58,S,
181,0,3,Passenger_181,male,38.8,0,2,12.82,S,
182,0,3,Passenger_182,male,18.0,0,2,62.73,S,
183,0,1,Passenger_183,female,15.0,0,0,6.76,S,
184,1,2,Passenger_184,male,36.8,0,1,3.0,,
185,0,3,Passenger_185,female,,1,3,46.55,S,
186,0,3,Passenger_186,male,40.0,0,0,54.14,S,
187,0,3,Passenger_187,female,,0,0,5.33,S,
188,0,3,Passenger_188,male,,0,0,57.8,C,
189,1,3,Passenger_189,male,18.1,1,0,34.82,,
190,0,1,Passenger_190,male,8.8,2,0,22.02,C,
191,1,3,Passenger_191,male,23.7,1,0,53.2,C,
192,0,3,Passenger_192,male,42.0,0,0,16.3,S,C192
193,1,1,Passenger_193,female,33.0,0,0,6.47,S,C193
194,0,2,Passenger_194,male,12.6,0,0,10.06,C,
195,1,1,Passenger_195,female,32.4,0,1,21.11,S,
196,0,2,Passenger_196,female,35.4,0,0,22.74,S,
197,0,3,Passenger_197,male,17.6,0,0,49.13,S,
198,0,2,Passenger_198,female,,0,0,47.01,C,
199,0,1,Passenger_199,female,30.8,1,0,26.12,S,C199
200,1,2,Passenger_200,male,14.0,0,2,45.53,S,
201,0,3,Passenger_201,female,35.0,0,0,6.39,Q,C201
202,0,3,Passenger_202,male,37.9,0,0,3.0,C,
203,1,2,Passenger_203,male,45.2,1,2,62.06,S,
204,0,1,Passenger_204,female,44.8,1,2,3.0,S,
205,1,3,Passenger_205,male,10.7,1,0,8.5,C,
206,1,3,Passenger_206,male,16.9,0,1,35.65,,
207,0,2,Passenger_207,male,37.2,4,0,15.8,S,
208,1,1,Passenger_208,female,37.2,0,0,62.7,S,
209,0,1,Passenger_209,female,37.2,0,0,10.61,C,C209
210,0,1,Passenger_210,male,80.0,4,0,3.0,S,
211,0,3,Passenger_211,female,38.0,0,1,10.73,C,C211
212,0,3,Passenger_212,female,45.9,0,0,25.89,C,C212
213,1,3,Passenger_213,male,43.4,0,0,14.15,S,C213
214,1,3,Passenger_214,male,,0,2,22.96,S,
215,0,2,Passenger_215,female,25.6,1,0,62.77,S,
216,0,3,Passenger_216,female,40.6,0,3,73.08,S,C216
217,1,3,Passenger_217,female,,0,3,9.28,S,
218,0,1,Passenger_218,male,26.7,0,0,18.6,C,
219,0,2,Passenger_219,male,23.2,0,0,23.9,S,
220,0,3,Passenger_220,male,,0,0,89.34,C,
221,1,1,Passenger_221,male,62.4,0,0,197.51,S,
222,0,2,Passenger_222,male,3.9,0,0,8.05,S,
223,1,3,Passenger_223,female,39.6,0,0,38.95,S,
224,1,3,Passenger_224,male,7.4,1,3,14.25,,C224
225,0,3,Passenger_225,female,23.4,0,0,3.0,S,
226,0,3,Passenger_226,male,45.2,0,0,3.0,S,C226
227,1,2,Passenger_227,male,30.9,0,0,18.52,S,
228,0,3,Passenger_228,male,14.9,0,0,20.1,,C228
229,1,3,Passenger_229,male,,1,2,3.0,S,
230,1,3,Passenger_230,male,39.5,3,0,34.84,S,C230
231,1,2,Passenger_231,female,19.8,0,0,10.44,,
232,1,3,Passenger_232,female,33.0,1,0,24.62,Q,C232
233,1,3,Passenger_233,male,30.6,0,0,10.74,S,
234,1,2,Passenger_234,male,20.9,0,0,5.49,C,C234
235,0,1,Passenger_235,female,60.0,1,0,15.69,S,C235
236,0,1,Passenger_236,male,,0,0,7.93,S,
237,0,1,Passenger_237,male,1.6,0,2,22.96,S,
238,1,3,Passenger_238,male,32.6,1,2,6.65,S,
239,0,1,Passenger_239,female,20.7,0,0,21.3,S,
240,1,1,Passenger_240,male,,1,1,5.14,S,C240
241,0,3,Passenger_241,male,,1,0,33.35,S,
242,1,2,Passenger_242,female,28.4,0,0,42.07,S,
243,0,3,Passenger_243,male,37.1,0,0,3.51,S,C243
244,1,1,Passenger_244,male,42.1,0,0,18.92,Q,
245,0,3,Passenger_245,male,13.2,3,0,3.0,S,C245
246,0,3,Passenger_246,female,25.3,0,0,27.35,S,
247,0,3,Passenger_247,male,23.4,0,0,9.21,S,
248,1,2,Passenger_248,female,20.9,0,1,22.5,S,
249,0,3,Passenger_249,female,,0,0,21.86,S,
250,0,1,Passenger_250,male,,0,0,77.45,S,
251,1,1,Passenger_251,female,,0,2,23.89,S,
252,1,1,Passenger_252,male,42.9,0,0,26.24,S,
253,1,3,Passenger_253,male,59.7,0,0,15.41,S,
254,0,3,Passenger_254,male,44.5,0,1,89.32,S,
255,0,3,Passenger_255,male,8.7,0,0,45.04,S,
256,1,1,Passenger_256,male,23.2,0,0,10.08,S,
257,0,2,Passenger_257,male,47.7,1,0,55.78,S,
258,1,3,Passenger_258,male,20.1,0,1,16.99,C,
259,0,2,Passenger_259,female,36.2,0,0,52.92,S,
260,0,3,Passenger_260,male,,0,1,51.93,S,
261,0,1,Passenger_261,female,17.0,0,0,6.28,S,
262,0,3,Passenger_262,male,,0,0,36.23,Q,
263,0,3,Passenger_263,male,1.0,0,1,10.3,S,
264,0,1,Passenger_264,male,15.7,0,0,10.59,S,C264
265,1,1,Passenger_265,male,,1,0,10.54,S,
266,0,3,Passenger_266,male,,1,0,38.79,S,
267,1,3,Passenger_267,female,52.9,1,1,7.83,S,
268,1,2,Passenger_268,female,10.0,1,0,3.0,S,
269,0,2,Passenger_269,female,23.8,0,0,37.68,C,C269
270,0,3,Passenger_270,male,31.8,0,0,5.63,S,
271,1,3,Passenger_271,female,,0,2,3.31,S,
272,0,2,Passenger_272,male,,0,0,8.14,Q,
273,1,3,Passenger_273,male,46.3,0,0,14.34,S,
274,1,1,Passenger_274,female,30.1,1,0,19.38,S,
275,1,3,Passenger_275,male,,0,0,3.0,S,
276,0,2,Passenger_276,male,36.5,0,0,105.78,S,
277,0,3,Passenger_277,male,32.8,0,0,37.77,S,
278,1,3,Passenger_278,male,21.6,0,0,11.71,C,
279,0,3,Passenger_279,female,31.0,1,1,11.51,S,
280,1,3,Passenger_280,male,24.6,1,1,17.86,S,
281,0,3,Passenger_281,female,31.6,0,0,29.52,S,
282,0,3,Passenger_282,male,39.3,1,2,4.75,C,C282
283,1,3,Passenger_283,male,,0,0,6.28,Q,
284,0,3,Passenger_284,male,,1,1,58.86,,C284
285,0,3,Passenger_285,male,59.9,0,0,8.88,S,
286,0,3,Passenger_286,male,2.7,0,0,14.35,S,
287,1,1,Passenger_287,female,27.9,0,2,61.5,S,
288,0,3,Passenger_288,female,38.2,1,2,32.64,S,
289,1,2,Passenger_289,female,33.9,3,0,12.54,S,
290,0,3,Passenger_290,female,,0,0,34.53,,
291,1,2,Passenger_291,female,27.1,0,0,3.0,S,
292,1,3,Passenger_292,male,23.1,2,0,39.91,S,C292
293,0,3,Passenger_293,female,21.7,0,0,20.03,S,
294,0,3,Passenger_294,male,,0,0,50.33,S,
295,0,3,Passenger_295,male,35.0,0,1,92.79,S,
296,1,1,Passenger_296,male,20.3,0,0,78.03,S,
297,0,2,Passenger_297,male,42.6,1,0,71.99,S,
298,1,1,Passenger_298,male,34.3,1,0,21.53,C,
299,0,3,Passenger_299,female,41.4,0,0,13.4,S,C299
300,0,2,Passenger_300,male,38.8,0,0,18.77,,C300
301,0,3,Passenger_301,male,18.4,1,0,35.13,S,
302,0,1,Passenger_302,male,22.2,0,1,64.62,Q,
303,0,1,Passenger_303,male,,1,1,6.96,S,C303
304,1,2,Passenger_304,male,38.5,0,0,75.1,S,
305,1,3,Passenger_305,male,29.7,0,0,50.65,S,
306,0,3,Passenger_306,male,31.6,2,0,115.69,S,
307,1,2,Passenger_307,male,47.9,0,1,63.67,S,
308,1,3,Passenger_308,female,21.7,0,1,9.85,S,
309,1,1,Passenger_309,female,37.7,1,0,3.36,Q,
310,0,3,Passenger_310,male,27.2,0,0,3.57,S,
311,0,3,Passenger_311,male,,0,1,10.33,C,
312,0,2,Passenger_312,male,45.4,4,0,28.57,C,
313,1,3,Passenger_313,female,41.6,1,0,48.94,S,
314,0,1,Passenger_314,male,,0,2,68.85,C,
315,0,3,Passenger_315,male,48.3,0,0,29.33,S,
316,0,1,Passenger_316,female,30.3,0,0,3.0,S,
317,0,3,Passenger_317,male,39.5,0,0,6.19,S,
318,0,2,Passenger_318,male,25.7,0,0,3.15,S,
319,0,3,Passenger_319,male,34.5,1,0,13.54,S,C319
320,0,3,Passenger_320,female,28.2,0,0,20.88,S,C320
321,0,3,Passenger_321,female,31.4,1,0,3.0,S,
322,1,3,Passenger_322,female,38.3,0,0,12.85,S,
323,1,3,Passenger_323,male,18.5,0,1,5.92,S,
324,1,1,Passenger_324,male,59.3,0,0,31.24,S,
325,1,2,Passenger_325,female,15.9,0,0,18.72,S,C325
326,0,2,Passenger_326,female,13.0,0,0,20.51,S,
327,0,3,Passenger_327,male,46.2,2,0,16.74,C,
328,1,2,Passenger_328,female,41.1,0,0,93.72,S,
329,1,3,Passenger_329,male,38.7,2,0,7.25,C,
330,0,3,Passenger_330,male,,0,1,21.81,,
331,0,1,Passenger_331,female,29.8,3,0,39.96,S,
332,0,1,Passenger_332,male,,0,2,24.42,,
333,0,2,Passenger_333,female,31.1,2,3,79.36,S,C333
334,0,2,Passenger_334,male,20.5,0,0,14.24,S,C334
335,0,1,Passenger_335,male,43.7,1,0,18.69,C,
336,1,1,Passenger_336,female,27.9,1,2,3.0,S,
337,0,3,Passenger_337,female,18.4,0,2,28.17,C,
338,0,3,Passenger_338,male,25.5,0,0,10.2,,
339,0,2,Passenger_339,male,35.8,0,0,5.24,C,
340,1,2,Passenger_340,male,22.1,2,0,23.59,Q,
341,0,1,Passenger_341,male,18.5,0,3,22.8,S,
342,0,3,Passenger_342,female,,0,0,3.0,S,
343,0,3,Passenger_343,female,33.4,0,0,35.94,S,
344,0,1,Passenger_344,male,22.9,0,1,29.33,S,
345,1,1,Passenger_345,male,23.4,1,0,6.29,S,
346,1,3,Passenger_346,male,33.2,0,0,19.01,S,
347,0,3,Passenger_347,female,9.7,0,0,38.22,S,C347
348,0,1,Passenger_348,male,10.3,2,1,22.61,S,
349,1,3,Passenger_349,male,19.9,0,0,15.1,S,
350,0,2,Passenger_350,male,27.0,0,0,11.67,S,C350
351,0,2,Passenger_351,male,,0,0,28.28,S,C351
352,0,3,Passenger_352,male,50.7,0,0,83.96,C,
353,1,3,Passenger_353,male,42.0,0,0,33.42,S,C353
354,0,2,Passenger_354,female,27.8,1,0,3.0,S,
355,0,3,Passenger_355,female,29.7,0,0,18.52,S,
356,1,2,Passenger_356,female,16.0,0,1,66.44,S,
357,0,3,Passenger_357,male,29.7,0,1,3.0,,
358,0,3,Passenger_358,male,26.0,0,0,134.96,S,
359,1,3,Passenger_359,male,34.5,1,0,89.32,S,
360,0,3,Passenger_360,male,18.4,0,0,3.0,S,
361,0,1,Passenger_361,female,37.3,0,1,81.28,S,
362,0,3,Passenger_362,male,,0,0,13.54,,
363,0,3,Passenger_363,male,,1,0,55.87,S,
364,0,3,Passenger_364,female,,0,0,16.26,S,
365,0,1,Passenger_365,female,39.7,0,0,17.44,S,
366,0,3,Passenger_366,male,24.4,0,0,30.17,Q,
367,1,3,Passenger_367,male,33.1,1,0,44.68,S,C367
368,0,2,Passenger_368,male,30.2,0,0,3.0,S,
369,0,3,Passenger_369,male,,1,0,26.98,S,
370,0,1,Passenger_370,male,19.2,1,0,6.2,S,
371,1,1,Passenger_371,male,30.3,0,0,12.74,S,
372,0,3,Passenger_372,female,,0,0,12.83,S,
373,0,3,Passenger_373,male,50.3,0,0,18.99,Q,
374,0,3,Passenger_374,male,43.4,0,0,12.2,,
375,0,1,Passenger_375,male,60.1,1,0,3.41,S,
376,0,3,Passenger_376,male,19.3,0,0,4.72,S,C376
377,1,1,Passenger_377,female,42.2,0,0,3.0,S,
378,0,1,Passenger_378,male,32.6,0,0,19.06,S,
379,0,1,Passenger_379,male,60.7,0,0,92.67,S,C379
380,0,3,Passenger_380,male,18.7,0,1,3.69,,
381,1,3,Passenger_381,female,18.2,1,0,87.71,S,
382,0,3,Passenger_382,male,21.6,0,0,39.66,S,
383,0,3,Passenger_383,female,1.0,1,0,30.44,C,
384,0,1,Passenger_384,male,,0,0,31.09,,
385,0,3,Passenger_385,male,,0,0,52.59,Q,
386,0,3,Passenger_386,male,32.1,0,0,3.39,S,
387,0,3,Passenger_387,female,,0,0,21.08,C,
388,0,1,Passenger_388,female,56.3,0,0,35.83,,
389,0,3,Passenger_389,male,43.3,1,0,26.52,C,
390,0,3,Passenger_390,male,,1,1,53.65,Q,
391,0,3,Passenger_391,male,17.4,0,2,3.0,S,C391
392,0,3,Passenger_392,male,36.9,0,0,35.2,Q,
393,1,1,Passenger_393,male,11.5,0,0,22.91,S,
394,1,3,Passenger_394,female,55.6,1,0,14.3,S,
395,1,1,Passenger_395,female,46.5,0,0,12.48,S,
396,1,3,Passenger_396,male,23.4,2,0,29.09,S,
397,0,3,Passenger_397,male,,0,0,66.49,S,
398,1,1,Passenger_398,female,49.0,0,0,20.57,S,C398
399,0,3,Passenger_399,female,28.4,2,0,52.24,S,C399
400,1,3,Passenger_400,male,47.3,0,0,15.43,C,
401,0,1,Passenger_401,male,7.7,0,0,3.24,C,
402,0,3,Passenger_402,male,21.6,0,1,3.0,S,
403,1,2,Passenger_403,male,30.1,0,0,3.0,S,
404,0,3,Passenger_404,male,30.7,0,0,14.35,S,
405,0,3,Passenger_405,male,23.7,0,0,12.34,S,
406,1,3,Passenger_406,male,38.7,1,0,37.97,S,
407,0,3,Passenger_407,male,15.1,0,0,40.74,S,
408,0,3,Passenger_408,male,28.0,2,0,3.0,S,
409,1,3,Passenger_409,male,31.7,0,0,7.5,Q,C409
410,0,1,Passenger_410,female,37.2,0,0,9.62,S,
411,0,3,Passenger_411,female,40.0,0,0,23.8,S,
412,0,3,Passenger_412,male,14.3,0,0,4.68,S,
413,0,1,Passenger_413,male,8.5,0,0,4.31,S,
414,1,2,Passenger_414,female,47.9,3,0,86.36,S,
415,0,3,Passenger_415,male,34.7,0,0,48.92,S,
416,0,3,Passenger_416,male,,0,0,5.98,S,
417,0,1,Passenger_417,male,51.7,0,2,15.65,S,
418,0,1,Passenger_418,male,31.6,1,0,13.18,Q,
419,1,2,Passenger_419,male,46.5,1,0,46.96,C,
420,0,3,Passenger_420,female,,0,0,21.41,S,
421,0,1,Passenger_421,male,58.9,0,2,4.1,S,C421
422,0,3,Passenger_422,male,54.6,0,1,40.3,S,
423,1,1,Passenger_423,female,26.5,0,0,15.17,S,
424,1,3,Passenger_424,male,,0,0,9.15,S,
425,0,2,Passenger_425,male,,0,0,14.12,S,C425
426,0,3,Passenger_426,male,49.2,0,0,20.66,S,
427,0,1,Passenger_427,male,16.5,0,0,12.61,S,
428,1,3,Passenger_428,male,39.6,0,0,8.31,S,
429,0,1,Passenger_429,male,44.8,2,0,15.25,Q,
430,1,3,Passenger_430,male,5.4,1,0,3.0,C,
431,1,3,Passenger_431,female,13.4,0,1,44.42,C,
432,1,1,Passenger_432,male,1.5,0,0,5.62,S,C432
433,1,3,Passenger_433,male,26.2,0,0,3.0,C,
434,0,3,Passenger_434,male,,0,0,31.81,S,
435,0,1,Passenger_435,male,51.0,1,1,44.61,C,
436,0,2,Passenger_436,male,31.0,0,1,50.43,S,
437,1,1,Passenger_437,female,52.8,1,0,20.41,C,C437
438,1,3,Passenger_438,male,10.7,2,0,6.9,S,
439,1,3,Passenger_439,male,6.2,0,1,40.09,C,
440,0,1,Passenger_440,female,29.2,0,0,36.09,Q,
441,0,3,Passenger_441,male,,0,0,8.48,S,
442,1,3,Passenger_442,male,,0,0,70.12,S,
443,0,3,Passenger_443,female,1.1,0,0,3.31,Q,
444,0,3,Passenger_444,female,28.8,0,0,121.69,S,C444
445,0,3,Passenger_445,female,11.7,1,1,59.04,C,C445
446,0,3,Passenger_446,male,,0,0,34.93,S,
447,0,2,Passenger_447,male,,0,0,83.78,S,C447
448,0,3,Passenger_448,female,16.8,0,0,38.44,S,
449,0,3,Passenger_449,male,,1,0,6.34,,
450,1,3,Passenger_450,male,15.2,0,0,17.51,C,
451,0,3,Passenger_451,female,29.1,1,0,3.0,,
452,0,3,Passenger_452,male,43.4,0,0,14.81,S,
453,0,3,Passenger_453,female,,0,0,40.6,S,
454,1,2,Passenger_454,male,37.1,0,0,14.65,S,
455,0,2,Passenger_455,male,,0,0,12.03,,
456,0,3,Passenger_456,male,18.9,1,3,27.14,Q,
457,0,3,Passenger_457,female,28.5,0,0,61.72,S,
458,0,1,Passenger_458,male,15.5,1,0,3.0,C,
459,0,3,Passenger_459,male,22.2,0,0,14.61,C,
460,1,3,Passenger_460,female,13.2,0,0,5.17,S,
461,1,2,Passenger_461,female,57.5,0,0,35.66,Q,
462,0,1,Passenger_462,female,30.5,0,0,3.35,S,C462
463,0,1,Passenger_463,male,20.2,1,0,32.79,S,
464,1,3,Passenger_464,male,33.0,1,0,10.11,C,
465,0,2,Passenger_465,female,28.4,0,0,6.65,S,C465
466,1,1,Passenger_466,male,26.9,0,0,82.63,C,
467,0,3,Passenger_467,male,38.6,0,0,3.0,,
468,1,2,Passenger_468,male,40.6,0,0,17.28,S,
469,1,1,Passenger_469,female,22.6,0,0,3.0,C,C469
470,1,2,Passenger_470,male,,0,0,19.83,S,
471,1,3,Passenger_471,female,26.1,0,0,20.86,S,
472,0,3,Passenger_472,male,1.0,0,0,11.64,S,
473,1,2,Passenger_473,male,,0,0,4.25,Q,
474,0,2,Passenger_474,male,49.1,0,0,14.17,S,
475,0,3,Passenger_475,male,53.0,0,2,33.47,S,
476,1,2,Passenger_476,male,26.5,0,1,45.75,,
477,1,2,Passenger_477,male,,3,0,22.7,C,C477
478,1,2,Passenger_478,male,34.4,0,0,26.74,S,
479,0,3,Passenger_479,female,73.1,0,0,6.72,,
480,1,3,Passenger_480,female,45.7,0,0,10.16,S,C480
481,1,1,Passenger_481,female,28.2,0,0,5.3,S,
482,0,3,Passenger_482,male,16.6,1,0,8.6,C,
483,0,1,Passenger_483,male,7.5,0,0,7.64,S,
484,0,2,Passenger_484,male,32.8,2,2,21.98,S,C484
485,0,3,Passenger_485,female,19.4,1,0,24.81,Q,C485
486,1,2,Passenger_486,female,,0,1,86.98,,
487,1,3,Passenger_487,female,20.9,0,1,6.53,Q,C487
488,1,1,Passenger_488,male,14.9,0,0,30.79,S,
489,1,3,Passenger_489,male,53.6,0,0,50.99,C,C489
490,0,1,Passenger_490,male,42.3,0,0,24.65,,C490
491,1,3,Passenger_491,male,29.9,0,0,8.83,S,
492,0,1,Passenger_492,male,50.7,0,0,9.14,C,
493,1,3,Passenger_493,female,,0,0,3.0,C,
494,0,2,Passenger_494,male,17.9,0,0,10.93,C,
495,1,3,Passenger_495,male,,1,2,40.95,S,
496,0,2,Passenger_496,male,37.5,0,0,3.0,C,
497,0,3,Passenger_497,female,15.5,1,3,7.43,C,C497
498,1,1,Passenger_498,male,27.3,0,0,36.75,S,
499,0,1,Passenger_499,female,,0,1,45.79,C,
500,0,3,Passenger_500,female,10.6,0,0,18.23,C,C500
501,0,1,Passenger_501,male,43.0,0,0,35.93,S,C501
502,1,1,Passenger_502,male,56.7,0,1,14.73,S,
503,0,3,Passenger_503,male,,0,0,5.23,S,C503
504,0,3,Passenger_504,male,37.9,1,0,15.23,S,
505,0,2,Passenger_505,female,20.9,0,0,26.02,S,C505
506,0,3,Passenger_506,female,23.2,0,0,88.73,S,
507,0,3,Passenger_507,male,21.7,1,0,3.0,S,
508,0,2,Passenger_508,male,17.9,1,0,21.24,S,
509,0,3,Passenger_509,male,30.7,0,0,11.97,S,
510,0,3,Passenger_510,male,18.4,0,0,21.3,C,
511,0,3,Passenger_511,male,33.8,1,2,3.0,Q,
512,1,2,Passenger_512,male,29.3,0,0,11.26,S,
513,0,3,Passenger_513,male,26.7,0,0,51.42,Q,C513
514,0,1,Passenger_514,female,17.3,0,0,24.22,S,
515,1,1,Passenger_515,male,21.9,1,0,17.97,S,
516,0,1,Passenger_516,male,40.6,0,0,10.09,,
517,1,3,Passenger_517,male,,4,0,10.62,S,
518,0,3,Passenger_518,female,16.3,0,0,14.49,C,C518
519,0,3,Passenger_519,male,31.4,1,0,54.16,S,C519
520,0,3,Passenger_520,male,40.5,0,0,102.53,S,
521,1,2,Passenger_521,male,6.6,0,1,17.32,S,
522,1,1,Passenger_522,female,37.6,1,0,14.99,S,C522
523,0,2,Passenger_523,male,20.7,0,0,56.23,S,
524,0,2,Passenger_524,female,38.0,0,3,16.7,S,C524
525,1,3,Passenger_525,female,,0,0,24.09,S,
526,0,3,Passenger_526,female,4.7,0,1,7.88,C,C526
527,0,1,Passenger_527,male,,0,0,40.82,Q,
528,1,1,Passenger_528,male,30.7,1,1,22.78,S,
529,1,1,Passenger_529,male,33.6,0,0,49.67,C,C529
530,0,2,Passenger_530,female,17.3,0,0,45.52,S,
531,1,3,Passenger_531,male,38.9,0,0,7.26,S,
532,1,3,Passenger_532,male,6.7,0,0,37.72,S,
533,0,3,Passenger_533,female,,1,1,48.29,S,
534,0,3,Passenger_534,male,13.0,0,0,12.74,Q,
535,0,2,Passenger_535,male,20.9,0,0,5.68,S,
536,1,1,Passenger_536,male,30.7,2,0,3.0,S,
537,1,3,Passenger_537,male,18.0,0,0,17.98,,
538,0,3,Passenger_538,female,24.6,1,0,13.04,S,
539,1,1,Passenger_539,male,,1,0,24.28,C,
540,0,3,Passenger_540,male,21.9,1,0,6.25,S,
541,0,3,Passenger_541,male,41.7,0,0,58.91,S,
542,0,3,Passenger_542,female,,1,3,8.94,S,
543,0,3,Passenger_543,female,37.4,1,0,7.7,S,
544,1,3,Passenger_544,male,,0,0,19.66,S,
545,0,3,Passenger_545,male,,0,1,20.73,S,
546,1,1,Passenger_546,male,,0,0,7.27,S,
547,0,1,Passenger_547,female,38.1,0,0,9.52,S,
548,0,1,Passenger_548,male,27.2,0,0,5.58,C,
549,1,1,Passenger_549,female,35.2,0,0,38.02,C,
550,0,3,Passenger_550,male,21.5,0,0,44.1,S,
551,0,3,Passenger_551,male,31.2,0,0,18.62,S,
552,0,1,Passenger_552,male,27.8,0,0,37.56,S,
553,1,3,Passenger_553,female,46.3,0,0,39.95,C,C553
554,0,1,Passenger_554,male,,1,0,4.46,,
555,0,2,Passenger_555,female,34.7,0,2,101.6,,
556,0,2,Passenger_556,male,24.2,0,0,51.62,S,
557,0,2,Passenger_557,male,23.2,0,0,6.86,S,
558,1,2,Passenger_558,male,23.9,0,0,6.18,S,
559,0,3,Passenger_559,female,,1,2,4.03,S,
560,0,2,Passenger_560,male,,2,0,4.47,C,C560
561,0,3,Passenger_561,female,34.1,0,0,41.37,S,
562,0,1,Passenger_562,female,59.1,2,1,19.03,S,C562
563,1,1,Passenger_563,female,,0,0,45.83,S,
564,0,1,Passenger_564,male,25.4,0,1,41.14,S,
565,1,3,Passenger_565,female,,0,0,27.84,S,
566,0,1,Passenger_566,female,24.3,1,0,34.79,S,
567,0,3,Passenger_567,male,1.5,0,2,3.0,S,
568,1,3,Passenger_568,male,15.9,0,0,11.21,C,
569,0,3,Passenger_569,male,,1,0,30.47,S,
570,1,3,Passenger_570,male,,0,0,3.0,,C570
571,1,1,Passenger_571,male,30.3,0,2,3.0,C,C571
572,0,1,Passenger_572,male,,1,0,57.29,S,
573,0,2,Passenger_573,male,34.6,0,0,34.56,S,
574,1,3,Passenger_574,male,,0,0,9.25,S,
575,0,1,Passenger_575,male,41.6,0,0,34.94,S,
576,0,1,Passenger_576,male,1.0,0,0,47.17,,
577,0,3,Passenger_577,male,33.3,0,0,10.99,S,
578,0,1,Passenger_578,male,40.8,0,0,3.0,,
579,1,3,Passenger_579,male,9.3,0,0,80.99,C,
580,0,3,Passenger_580,male,46.0,0,0,12.7,S,C580
581,0,2,Passenger_581,male,34.7,1,0,3.38,C,
582,0,1,Passenger_582,female,24.2,3,1,20.31,S,C582
583,0,1,Passenger_583,male,,0,1,43.89,Q,
584,0,3,Passenger_584,female,61.8,0,0,7.52,S,
585,1,3,Passenger_585,male,32.5,1,0,9.42,S,
586,0,3,Passenger_586,male,,0,0,8.34,S,
587,1,3,Passenger_587,male,23.6,0,0,143.65,S,
588,1,3,Passenger_588,male,18.1,2,0,6.6,S,
589,0,1,Passenger_589,female,41.6,1,0,25.71,S,
590,0,2,Passenger_590,male,18.0,1,0,77.81,S,
591,0,3,Passenger_591,male,31.0,1,2,4.77,S,
592,0,1,Passenger_592,male,,0,0,106.06,S,
593,1,1,Passenger_593,male,36.7,0,0,88.4,S,
594,1,3,Passenger_594,female,34.7,1,0,64.77,Q,
595,0,2,Passenger_595,female,,0,2,7.25,C,
596,0,3,Passenger_596,male,22.9,0,0,30.16,Q,
597,1,3,Passenger_597,male,26.2,1,0,42.93,S,C597
598,1,1,Passenger_598,male,,1,0,128.12,S,
599,0,3,Passenger_599,female,23.8,0,0,5.97,S,
600,0,2,Passenger_600,male,35.3,1,0,43.58,C,
601,0,2,Passenger_601,male,,1,0,12.41,S,
602,1,2,Passenger_602,female,17.1,0,0,5.79,S,
603,0,1,Passenger_603,male,42.2,0,0,16.41,S,
604,0,3,Passenger_604,male,49.0,0,0,47.37,Q,
605,0,1,Passenger_605,female,35.8,0,1,18.76,S,C605
606,0,2,Passenger_606,male,56.3,0,0,23.13,,
607,0,2,Passenger_607,male,,0,0,159.92,S,
608,1,3,Passenger_608,male,12.6,0,0,15.28,S,
609,0,3,Passenger_609,male,5.1,0,0,28.67,S,C609
610,0,1,Passenger_610,male,50.9,1,0,13.64,S,
611,0,2,Passenger_611,female,,0,0,14.97,S,
612,0,2,Passenger_612,male,29.2,1,1,35.69,C,
613,0,1,Passenger_613,female,,1,3,83.36,S,C613
614,0,3,Passenger_614,female,14.2,0,0,23.45,C,C614
615,0,3,Passenger_615,male,64.2,2,0,43.88,C,
616,0,1,Passenger_616,male,31.8,0,0,3.0,S,C616
617,0,2,Passenger_617,male,31.5,0,0,7.12,S,C617
618,0,1,Passenger_618,female,40.2,1,0,20.92,S,
619,1,3,Passenger_619,female,36.7,0,0,3.0,C,
620,1,1,Passenger_620,male,33.1,1,2,8.74,S,
621,0,3,Passenger_621,female,18.9,0,0,21.86,S,C621
622,0,3,Passenger_622,male,36.6,1,2,3.0,S,
623,1,2,Passenger_623,female,56.3,0,1,9.22,S,C623
624,0,3,Passenger_624,male,48.8,0,0,21.65,S,
625,1,3,Passenger_625,male,52.3,0,0,25.54,S,
626,1,3,Passenger_626,female,22.8,0,0,78.01,C,
627,0,1,Passenger_627,male,16.1,1,0,31.1,S,
628,0,2,Passenger_628,male,28.2,0,0,16.07,S,C628
629,1,3,Passenger_629,male,,0,0,79.93,,C629
630,0,3,Passenger_630,male,45.3,0,3,46.1,S,C630
631,0,3,Passenger_631,male,6.3,1,0,6.69,S,
632,0,3,Passenger_632,female,51.4,0,1,4.21,C,
633,0,3,Passenger_633,male,27.8,1,1,33.79,S,
634,1,3,Passenger_634,male,24.0,1,0,24.62,S,
635,1,1,Passenger_635,female,15.8,0,0,46.77,S,
636,1,3,Passenger_636,male,6.8,0,0,40.27,S,
637,0,3,Passenger_637,male,,0,0,29.44,S,
638,0,3,Passenger_638,female,31.0,1,1,128.89,S,C638
639,0,3,Passenger_639,female,,0,0,22.88,C,
640,0,1,Passenger_640,male,11.9,0,0,3.6,S,
641,0,3,Passenger_641,female,25.3,1,0,52.86,S,
642,1,3,Passenger_642,male,53.4,0,0,8.7,S,
643,1,1,Passenger_643,female,,0,0,45.06,S,
644,0,3,Passenger_644,male,,0,1,94.47,S,C644
645,0,1,Passenger_645,female,26.6,0,0,35.8,S,C645
646,0,2,Passenger_646,male,,1,0,27.19,S,C646
647,0,1,Passenger_647,female,,0,0,18.51,S,C647
648,1,2,Passenger_648,female,,0,0,13.6,S,
649,0,3,Passenger_649,female,26.8,1,0,13.06,S,
650,1,3,Passenger_650,male,39.7,0,3,30.35,S,
651,0,3,Passenger_651,male,55.9,3,0,41.74,S,
652,0,3,Passenger_652,male,45.8,3,0,34.04,Q,
653,1,1,Passenger_653,female,26.2,0,0,6.63,S,
654,0,1,Passenger_654,male,14.5,0,0,20.44,S,
655,0,3,Passenger_655,female,66.0,1,0,47.05,S,
656,0,1,Passenger_656,female,,0,0,19.37,C,
657,0,3,Passenger_657,male,,0,0,23.08,C,
658,1,3,Passenger_658,female,,1,2,44.24,S,
659,0,3,Passenger_659,male,32.8,0,0,32.48,Q,
660,1,3,Passenger_660,male,28.0,1,0,15.8,S,
661,0,1,Passenger_661,male,22.0,0,0,67.73,S,
662,0,2,Passenger_662,male,,0,0,5.32,C,
663,1,3,Passenger_663,female,,0,1,162.22,C,
664,0,2,Passenger_664,male,22.4,3,2,3.8,S,C664
665,0,3,Passenger_665,male,20.0,1,0,3.0,S,
666,0,1,Passenger_666,female,31.5,1,1,66.22,S,
667,0,3,Passenger_667,female,26.4,0,1,8.43,S,
668,0,3,Passenger_668,male,51.1,0,2,39.25,C,
669,1,3,Passenger_669,female,1.0,0,0,49.98,S,C669
670,0,2,Passenger_670,male,,0,0,58.77,S,
671,0,2,Passenger_671,male,47.4,0,0,143.37,S,
672,1,3,Passenger_672,male,1.0,0,1,10.45,S,
673,0,1,Passenger_673,male,25.2,0,0,37.16,S,
674,1,3,Passenger_674,female,24.8,2,0,3.68,S,
675,0,3,Passenger_675,male,,0,0,15.67,Q,
676,0,3,Passenger_676,female,19.1,3,0,56.51,C,
677,1,3,Passenger_677,male,14.5,0,0,13.75,S,
678,0,1,Passenger_678,male,54.5,0,1,26.83,C,
679,1,3,Passenger_679,female,43.1,0,0,21.02,C,
680,0,3,Passenger_680,female,47.8,0,1,31.15,C,
681,0,2,Passenger_681,male,40.1,0,0,108.24,S,
682,0,3,Passenger_682,male,14.2,0,0,3.0,S,
683,0,3,Passenger_683,male,22.7,0,0,25.6,S,
684,1,1,Passenger_684,male,36.9,1,0,59.64,S,
685,0,2,Passenger_685,female,,1,0,19.7,S,C685
686,1,3,Passenger_686,female,40.0,1,0,3.0,S,
687,1,2,Passenger_687,male,26.6,0,0,24.67,S,
688,0,3,Passenger_688,female,24.8,0,0,12.11,C,
689,0,3,Passenger_689,male,40.0,0,0,5.05,S,
690,1,2,Passenger_690,male,36.2,0,0,56.72,S,
691,1,1,Passenger_691,male,24.9,0,0,22.12,Q,
692,0,3,Passenger_692,male,46.2,0,0,81.22,Q,
693,0,2,Passenger_693,male,14.9,0,0,49.2,,C693
694,0,3,Passenger_694,male,38.6,0,0,35.42,Q,
695,1,2,Passenger_695,male,,0,0,3.0,S,
696,0,3,Passenger_696,male,,1,0,16.75,Q,C696
697,1,3,Passenger_697,female,34.6,0,0,6.6,S,
698,0,2,Passenger_698,male,12.5,2,0,72.51,S,C698
699,0,2,Passenger_699,male,42.9,1,0,5.76,S,
700,0,2,Passenger_700,female,27.4,0,0,10.11,S,C700
701,0,2,Passenger_701,female,22.7,1,0,21.82,S,
702,0,3,Passenger_702,female,44.7,1,0,9.17,S,
703,0,3,Passenger_703,male,20.1,0,0,7.07,C,C703
704,0,2,Passenger_704,male,10.3,0,0,27.42,,
705,0,3,Passenger_705,male,8.2,3,0,3.0,S,
706,0,3,Passenger_706,male,38.5,0,0,3.0,C,
707,1,2,Passenger_707,female,12.1,1,0,13.97,S,
708,0,2,Passenger_708,male,54.6,0,2,38.26,S,
709,0,3,Passenger_709,male,1.0,0,1,24.28,S,
710,0,3,Passenger_710,male,53.8,0,0,16.49,S,
711,1,3,Passenger_711,male,,0,0,25.02,S,
712,0,3,Passenger_712,female,28.6,1,0,13.65,Q,
713,1,1,Passenger_713,male,22.4,3,0,82.53,S,
714,1,3,Passenger_714,male,35.6,0,0,3.0,S,
715,0,3,Passenger_715,male,,0,0,33.57,C,
716,0,3,Passenger_716,male,,1,0,66.57,S,
717,1,2,Passenger_717,male,,0,0,48.87,S,
718,0,1,Passenger_718,male,32.1,0,3,6.1,S,
719,0,1,Passenger_719,male,24.9,0,0,10.53,S,
720,1,3,Passenger_720,female,29.2,1,2,37.87,S,
721,0,2,Passenger_721,female,34.3,1,2,3.0,,C721
722,1,3,Passenger_722,female,6.1,0,0,50.12,S,
723,0,1,Passenger_723,female,11.1,0,0,38.07,Q,
724,1,1,Passenger_724,male,40.4,3,0,39.24,S,
725,0,3,Passenger_725,male,32.4,0,0,3.17,S,C725
726,0,3,Passenger_726,male,27.4,0,0,37.95,S,C726
727,0,3,Passenger_727,female,30.3,0,0,34.17,S,
728,1,2,Passenger_728,female,34.9,1,0,53.32,S,
729,0,3,Passenger_729,female,22.4,0,0,3.0,,C729
730,0,1,Passenger_730,male,19.1,0,0,3.0,,
731,0,1,Passenger_731,female,32.7,0,0,14.0,S,
732,1,3,Passenger_732,male,16.3,0,0,4.83,S,
733,0,2,Passenger_733,male,,0,0,24.52,S,
734,0,2,Passenger_734,male,6.2,0,0,74.79,S,C734
735,0,3,Passenger_735,male,,0,0,14.9,,C735
736,0,3,Passenger_736,male,36.6,0,0,55.92,S,
737,0,3,Passenger_737,male,33.6,0,0,3.0,S,
738,0,2,Passenger_738,male,43.8,0,1,5.54,,C738
739,1,1,Passenger_739,male,,2,0,3.0,C,
740,0,2,Passenger_740,female,44.2,1,0,11.93,Q,
741,0,3,Passenger_741,female,4.2,0,0,71.64,C,C741
742,0,3,Passenger_742,male,12.1,1,1,3.06,C,
743,1,3,Passenger_743,female,21.3,0,0,27.97,S,
744,1,1,Passenger_744,female,30.4,3,0,18.02,Q,
745,1,3,Passenger_745,male,37.2,0,0,83.65,S,C745
746,0,1,Passenger_746,male,,1,0,3.92,Q,
747,0,3,Passenger_747,male,32.6,0,0,7.15,Q,
748,0,3,Passenger_748,male,19.4,0,0,3.0,S,
749,0,3,Passenger_749,female,21.4,3,3,17.07,Q,
750,0,3,Passenger_750,female,,0,0,9.76,S,
751,1,3,Passenger_751,male,17.1,0,0,61.18,S,
752,1,3,Passenger_752,female,,0,0,27.86,S,
753,1,3,Passenger_753,female,16.3,1,0,28.56,S,
754,0,1,Passenger_754,female,44.8,0,1,22.77,S,C754
755,1,3,Passenger_755,male,16.7,0,0,3.0,,
756,0,2,Passenger_756,female,66.9,2,0,17.66,,C756
757,0,3,Passenger_757,male,36.9,0,0,228.34,S,
758,1,3,Passenger_758,male,,0,1,54.1,C,C758
759,0,3,Passenger_759,male,18.0,2,0,67.18,C,
760,0,2,Passenger_760,male,39.8,0,0,51.99,Q,
761,0,1,Passenger_761,female,21.9,0,0,3.26,Q,C761
762,1,3,Passenger_762,male,31.7,0,0,7.74,,
763,1,3,Passenger_763,male,65.8,1,3,3.0,Q,
764,0,3,Passenger_764,male,28.7,0,0,10.85,C,
765,1,2,Passenger_765,female,46.1,2,0,3.45,S,
766,0,3,Passenger_766,male,20.2,1,0,19.2,S,
767,0,3,Passenger_767,female,29.5,0,0,33.91,S,
768,1,1,Passenger_768,male,54.8,1,0,62.26,S,
769,1,1,Passenger_769,male,21.2,0,2,41.5,S,
770,1,3,Passenger_770,male,,0,0,83.7,S,
771,0,3,Passenger_771,male,39.9,1,1,3.0,S,
772,1,3,Passenger_772,male,22.1,3,0,3.0,S,
773,0,3,Passenger_773,male,38.9,0,0,32.48,C,
774,1,3,Passenger_774,female,,0,0,10.25,S,
775,0,3,Passenger_775,male,38.7,0,0,8.77,S,
776,1,1,Passenger_776,male,8.0,0,2,12.05,S,
777,0,2,Passenger_777,male,19.8,0,1,9.43,,C777
778,0,3,Passenger_778,female,,0,0,21.49,Q,C778
779,0,3,Passenger_779,male,29.0,1,0,17.4,S,
780,0,3,Passenger_780,male,38.7,0,0,21.55,S,
781,0,3,Passenger_781,female,32.5,0,2,33.51,S,C781
782,1,2,Passenger_782,male,11.3,1,1,14.69,S,C782
783,0,3,Passenger_783,male,35.3,1,1,8.68,C,
784,1,1,Passenger_784,male,38.5,0,0,5.45,C,C784
785,0,2,Passenger_785,male,37.8,0,0,12.9,S,
786,0,3,Passenger_786,male,45.1,0,0,40.62,S,
787,0,3,Passenger_787,male,41.7,0,0,42.4,S,
788,0,3,Passenger_788,male,,0,0,32.98,S,
789,0,2,Passenger_789,male,,1,0,8.0,S,
790,0,3,Passenger_790,male,6.7,0,0,26.61,S,
791,0,2,Passenger_791,female,36.0,0,1,25.37,S,
792,0,2,Passenger_792,female,32.9,0,0,19.86,S,C792
793,0,3,Passenger_793,female,33.8,0,0,23.95,,C793
794,0,3,Passenger_794,male,12.1,0,0,20.31,Q,
795,0,3,Passenger_795,male,14.9,4,0,25.0,S,C795
796,1,1,Passenger_796,male,,0,0,37.71,C,C796
797,1,3,Passenger_797,male,29.4,0,1,3.48,S,
798,1,1,Passenger_798,female,39.5,0,1,41.54,S,
799,0,3,Passenger_799,male,,2,0,4.38,C,
800,1,2,Passenger_800,male,30.4,0,0,3.0,Q,C800
801,1,2,Passenger_801,male,43.1,0,0,111.99,Q,
802,1,3,Passenger_802,male,22.8,1,0,94.39,S,
803,0,3,Passenger_803,male,31.3,0,0,3.0,S,
804,1,1,Passenger_804,male,23.5,0,0,17.57,C,
805,1,2,Passenger_805,male,23.9,0,0,6.18,S,
806,0,3,Passenger_806,female,25.7,0,0,19.93,S,
807,1,2,Passenger_807,male,33.1,0,0,53.19,S,
808,0,1,Passenger_808,female,23.3,0,3,90.24,S,C808
809,0,2,Passenger_809,female,,0,0,30.17,S,C809
810,0,2,Passenger_810,male,17.5,0,0,13.1,,
811,1,3,Passenger_811,female,27.4,0,0,27.74,,C811
812,0,3,Passenger_812,male,23.8,0,0,11.22,S,
813,0,3,Passenger_813,female,50.3,0,0,72.18,S,
814,0,3,Passenger_814,male,32.8,2,0,61.3,S,
815,0,3,Passenger_815,male,,0,0,24.51,S,C815
816,0,1,Passenger_816,male,9.2,0,1,11.78,S,C816
817,1,2,Passenger_817,male,33.7,0,0,10.42,S,
818,1,2,Passenger_818,female,,0,0,3.0,C,C818
819,0,1,Passenger_819,male,,0,2,50.76,S,
820,0,3,Passenger_820,female,44.9,0,0,17.96,Q,
821,0,3,Passenger_821,male,22.8,0,0,11.8,S,
822,1,2,Passenger_822,female,49.7,0,1,19.11,S,
823,0,3,Passenger_823,male,62.2,1,0,51.23,S,
824,0,3,Passenger_824,male,24.9,0,0,3.99,S,C824
825,0,3,Passenger_825,male,23.8,0,0,58.49,C,
826,1,3,Passenger_826,female,50.3,0,0,68.34,S,
827,1,3,Passenger_827,male,52.1,0,0,87.96,S,
828,1,3,Passenger_828,male,22.7,0,1,15.2,C,
829,1,3,Passenger_829,male,,0,0,7.34,Q,C829
830,0,3,Passenger_830,female,26.1,0,0,14.03,C,
831,0,1,Passenger_831,male,11.2,1,2,12.15,S,
832,0,1,Passenger_832,male,17.1,1,0,5.81,C,C832
833,0,3,Passenger_833,male,,0,0,28.04,S,
834,0,2,Passenger_834,female,,0,0,19.42,S,
835,0,1,Passenger_835,female,29.5,1,0,60.23,S,
836,0,3,Passenger_836,male,33.3,0,0,3.0,S,
837,1,1,Passenger_837,male,51.7,0,0,30.97,S,
838,0,3,Passenger_838,male,16.0,0,3,43.18,S,
839,1,3,Passenger_839,male,43.8,0,2,42.75,C,C839
840,1,3,Passenger_840,male,,0,1,65.17,S,C840
841,0,3,Passenger_841,female,29.3,0,1,39.17,S,
842,1,1,Passenger_842,male,,0,0,78.85,S,
843,0,3,Passenger_843,female,14.3,0,0,12.13,Q,C843
844,1,3,Passenger_844,male,35.4,1,2,20.99,S,
845,0,3,Passenger_845,female,32.3,0,0,3.0,S,
846,1,2,Passenger_846,male,,0,2,3.0,C,
847,0,2,Passenger_847,male,,0,0,8.24,C,C847
848,0,3,Passenger_848,male,64.4,1,0,3.19,S,
849,1,1,Passenger_849,male,21.1,1,0,9.04,,
850,0,3,Passenger_850,male,22.6,0,2,5.85,C,
851,1,2,Passenger_851,female,21.3,0,0,3.0,S,C851
852,1,1,Passenger_852,female,22.2,1,0,72.01,S,
853,1,2,Passenger_853,male,21.1,0,0,3.0,C,C853
854,1,2,Passenger_854,male,46.6,0,0,39.96,S,
855,1,3,Passenger_855,male,49.9,0,1,4.95,S,
856,0,3,Passenger_856,male,22.0,0,0,72.99,S,
857,1,2,Passenger_857,male,,0,0,66.99,S,
858,1,3,Passenger_858,female,36.6,0,0,31.83,,C858
859,1,1,Passenger_859,female,,0,0,33.46,C,
860,0,3,Passenger_860,female,,2,0,3.0,S,C860
861,1,1,Passenger_861,male,32.8,1,0,125.74,,
862,1,3,Passenger_862,female,,2,0,63.07,S,
863,1,3,Passenger_863,female,51.7,3,2,67.64,S,
864,0,3,Passenger_864,male,55.1,0,0,32.3,Q,
865,0,3,Passenger_865,male,21.4,0,0,12.68,S,C865
866,0,3,Passenger_866,female,24.6,0,0,67.23,S,
867,1,3,Passenger_867,male,,1,0,10.34,S,
868,1,3,Passenger_868,male,34.7,0,0,24.81,S,
869,0,3,Passenger_869,male,39.2,3,0,3.15,S,
870,0,3,Passenger_870,male,58.1,0,0,76.51,C,
871,0,1,Passenger_871,male,27.5,1,0,4.55,Q,C871
872,0,3,Passenger_872,female,,0,0,7.64,S,
873,1,1,Passenger_873,female,10.7,0,0,24.5,S,
874,1,3,Passenger_874,male,19.8,1,0,43.33,C,
875,0,3,Passenger_875,male,29.5,0,0,28.98,,C875
876,0,3,Passenger_876,male,55.1,1,0,7.92,,
877,0,1,Passenger_877,male,22.8,0,2,3.0,S,
878,1,1,Passenger_878,male,33.1,0,0,42.46,S,
879,0,3,Passenger_879,male,,0,0,126.41,S,
880,0,3,Passenger_880,male,46.6,0,0,49.81,C,
881,0,2,Passenger_881,male,65.4,1,2,18.5,S,
882,1,2,Passenger_882,male,22.6,0,0,70.23,S,C882
883,1,3,Passenger_883,male,23.1,0,1,15.82,C,
884,1,3,Passenger_884,male,44.6,0,0,22.33,C,C884
885,0,2,Passenger_885,female,,0,2,19.45,Q,
886,0,2,Passenger_886,male,,0,1,17.81,C,
887,0,1,Passenger_887,female,38.2,1,1,44.78,S,
888,1,3,Passenger_888,male,25.0,0,0,22.45,S,
889,0,1,Passenger_889,male,38.3,0,0,11.43,S,
890,0,2,Passenger_890,female,45.5,0,0,8.96,S,
891,1,1,Passenger_891,male,41.5,0,0,3.0,S,
